St1_GRF_X,St1_GRF_Y,St1_GRF_Z,St2_GRF_X,St2_GRF_Y,St2_GRF_Z
-0.15386045451,-1.18673802044,37.57765691309,-10.78646182145,1.11078159353,48.54264879779
-0.307370022262364,-1.11936526295571,43.0775745465388,-10.6544850400084,1.09442266899654,56.781546949306
-0.603548663337651,-1.06734606490947,48.8819046338668,-10.8110918653502,1.03418284839446,65.753964035248
-1.06386929453783,-1.03307574982439,54.9713523234496,-11.3023229550418,0.929698891932182,75.468060329764
-1.70347960517502,-1.01721848668479,61.3168481248968,-12.1618566057082,0.780649880931065,85.8935198088997
-2.52583230219274,-1.01784668663471,67.8721550217677,-13.4037164732051,0.589372031133871,96.9471083679576
-3.52477751998869,-1.03272845830089,74.5800934599833,-15.0207329783826,0.362955120062288,108.503590574996
-4.68378646126635,-1.0569830513448,81.3726757983534,-16.9832695028042,0.112507253239437,120.406623287788
-5.97801407543263,-1.08407629719087,88.1758961824635,-19.2409446359635,-0.144650994479842,132.479075974065
-7.37686768913173,-1.10679371390665,94.9153203036546,-21.7265935178367,-0.386587734350396,144.541829353252
-8.84551759572864,-1.11548502468535,101.519177870776,-24.3630608233567,-0.588233857109408,156.426434530115
-10.349564269594,-1.10105807614687,107.920841960944,-27.070197875469,-0.723867354181026,167.980657233506
-11.8560983449681,-1.05414080311463,114.061814110377,-29.7715218550921,-0.769709615911611,179.069963490065
-13.335139797938,-0.964533412310589,119.893472967341,-32.4011850837404,-0.705029470133995,189.578718222819
-14.7641824280479,-0.824130767671492,125.376266301659,-34.907952534602,-0.514869259468028,199.413386523747
-16.1255813303144,-0.626126072079989,130.482772396452,-37.2548382698078,-0.189449692743748,208.506845139414
-17.4072402169109,-0.364700904975291,135.196925645638,-39.4192264292873,0.274594066991244,216.821132721441
-18.6032693115183,-0.0354000178593616,139.513322933636,-41.3900957802996,0.875764416979788,224.347540640423
-19.7119069139383,0.363832391859652,143.439029173984,-43.1643910476107,1.60994662272184,231.103379021535
-20.7334439625846,0.833444078524236,146.990858750243,-44.7482157226981,2.46637596002061,237.126287503172
-21.6707330248785,1.37152444155071,150.193518812411,-46.1515512120156,3.4307117172404,242.472206728536
-22.5287166294068,1.97331284316625,153.077565191771,-47.3872120510858,4.4855641537743,247.20942693835
-23.3110451694309,2.63210980770848,155.676172954757,-48.4714738076997,5.60957967337123,251.413831457629
-24.0219484894022,3.33932088553636,158.023235465507,-49.422216137607,6.77916623863979,255.166342642632
-24.666704208603,4.0845586155341,160.153496536973,-50.255698314033,7.97175287694893,258.550332400962
-25.2506112982336,4.85587884846723,162.102163147525,-50.9876921920283,9.16431283273899,261.647169517321
-25.7769711376153,5.64026590314649,163.903075186974,-51.6310335793302,10.3357107156151,264.538277241614
-26.2512996006119,6.42447498120293,165.591596787347,-52.1963062499443,11.4666579137424,267.302166125527
-26.6786322620386,7.19524747977051,167.201935542858,-52.6918235322627,12.5388894221759,270.015205560579
-27.0617042500352,7.93967548025577,168.765752808907,-53.1236007942655,13.5363176068193,272.750640547646
-27.4036735536976,8.64607646825855,170.314796155947,-53.4963656741156,14.4473101755396,275.573229070683
-27.7072560167519,9.30394814825775,171.876083972196,-53.8126483005408,15.2627028883854,278.543811062947
-27.9738706082322,9.90493340022431,173.473797229009,-54.0748455941577,15.9785326225594,281.713346826108
-28.2037743181876,10.4429763588827,175.130491133398,-54.2844602519934,16.594439187552,285.122325260713
-28.3975013279656,10.91295322306,176.864417465299,-54.4425891156848,17.1120609550693,288.800689865634
-28.5558649637697,11.3111700560199,178.689569457351,-54.5513009488656,17.5352712064842,292.766412288573
-28.6789063065491,11.6363431782013,180.616885865739,-54.6134910225283,17.8704850940043,297.024887853867
-28.7662222264087,11.8896525924166,182.653781694291,-54.6338425058506,18.1255069717041,301.569475451921
-28.8191731211297,12.0735870784922,184.801396702086,-54.6176471565878,18.3097502208512,306.385016465087
-28.8386760912882,12.1930288733371,187.056883304077,-54.5721769205292,18.433803104148,311.448857015678
-28.8271130465382,12.2535509271401,189.414128616233,-54.5063174113531,18.508965449241,316.733904621734
-28.7888837405571,12.2610242662519,191.86370630912,-54.4293511502807,18.5466095252441,322.21350315333
-28.7279829438645,12.2234578026235,194.39303704261,-54.3526117961696,18.5569314204527,327.863354641583
-28.649022549435,12.148472393613,196.990322133443,-54.2860954584337,18.5497966478362,333.66244367112
-28.5575571223067,12.043318088375,199.643343311448,-54.2414606436122,18.5334570060227,339.595554938051
-28.4590851547868,11.9151456138713,202.339228775273,-54.230709287187,18.5152181085105,345.653754016519
-28.3571564530459,11.7706779894977,205.066618374486,-54.2643935543602,18.5017186300096,351.833361281056
-28.255964063313,11.6156818327361,207.813787060822,-54.3518979158243,18.4978182047703,358.134177723778
-28.1585696334384,11.4553122026514,210.571160321654,-54.4999153859674,18.5068223877118,364.556679821989
-28.0668744786567,11.2944670646722,213.332891463375,-54.7128311052348,18.5311190643659,371.100388908723
-27.9844187064002,11.1380223423199,216.096154461987,-54.9921673805779,18.5707211720804,377.762159427148
-27.9145119005008,10.9914504035082,218.860911221745,-55.3362125661621,18.6235520337516,384.534311326971
-27.8605453876133,10.8594448650029,221.632042704607,-55.7398177091163,18.6862499148438,391.402477839007
-27.8269936157133,10.745947684611,224.418796543833,-56.1941354089178,18.7538666038631,398.344447539274
-27.8200451989254,10.6556973594394,227.231311194423,-56.6869011480961,18.8201286585383,405.33299623247
-27.8445187009255,10.5918664776446,230.082774876721,-57.2034777201533,18.8786896600176,412.340073579165
-27.9050377303063,10.5574057162138,232.987091219526,-57.7295943949201,18.9235549903581,419.336701556734
-28.0067080882738,10.5553564094675,235.958056002682,-58.2531030685129,18.9489078726569,426.29528958702
-28.1542917828449,10.5875243097038,239.010605890931,-58.7638440000275,18.9494264184602,433.191141627501
-28.3516877284542,10.6554669260313,242.158505254927,-59.2530062795091,18.9208759575488,439.999560783799
-28.6018832897941,10.7592855565678,245.415792270537,-59.7144711593997,18.8585253057345,446.697192400359
-28.9075676254599,10.8977744679067,248.796918634008,-60.1438732727398,18.7595690473914,453.26211476402
-29.2718167391227,11.0698390024384,252.314910728581,-60.537621888633,18.6212528711987,459.671575621671
-29.6956971703098,11.272379066468,255.981002235091,-60.8918141696103,18.4426337174104,465.90092955548
-30.1796840069444,11.5017828229891,259.80594496784,-61.2009030949291,18.2271902925321,471.922627748807
-30.7239065100604,11.7539994205495,263.800057437244,-61.4572716563091,17.9797816538284,477.703615639016
-31.3270405393876,12.0232040521195,267.972238351623,-61.6541584055294,17.7100257670783,483.208753016433
-31.9879088438697,12.3040450170228,272.331585738508,-61.7836388006226,17.4289087110045,488.400514499929
-32.7036919479185,12.5896073379766,276.887209202798,-61.8392177852773,17.1487916852858,493.243772001594
-33.4709855142194,12.8714236432001,281.648689972687,-61.8176395232017,16.8823536705204,497.709870895144
-34.2887177818843,13.1417707272041,286.627013372052,-61.7178125419719,16.6397814605182,501.77732923682
-35.1537366511391,13.3937684142068,291.832984362929,-61.5411723769705,16.4295750286217,505.433054796674
-36.063441156687,13.6204207279389,297.278251948118,-61.2913115568301,16.2583884883564,508.672406205894
-37.0156818511924,13.8158696557036,302.974701533081,-60.9736632770655,16.1293425903863,511.497789776427
-38.006393916532,13.9775960693676,308.932609948676,-60.5944003594772,16.0420522605145,513.917619779614
-39.0331379107608,14.1027926426149,315.161955401769,-60.1605375949922,15.993393117762,515.943861671885
-40.0922488006649,14.1908050947308,321.669648034416,-59.6803868132228,15.9783084340825,517.589431266107
-41.1785846128842,14.2436386445745,328.458290729481,-59.1606986702062,15.9917204115606,518.869921285886
-42.2874316815341,14.2645412932621,335.526437630527,-58.6091492536752,16.0281443925543,519.800697689067
-43.4124509700803,14.2589016331879,342.867865369284,-58.0315688495608,16.0821643838742,520.397582956521
-44.5473137053659,14.2335290519261,350.471025428178,-57.4311630852368,16.149965692082,520.675892620211
-45.6855517078104,14.1967470587752,358.318558675107,-56.80913284964,16.2287052378053,520.64966521227
-46.8193890710089,14.1587808723113,366.386573199806,-56.1644660274082,16.3137248519369,520.334332253348
-47.9421836467199,14.1298715003032,374.643298971907,-55.4960600655085,16.4001139771202,519.750183011229
-49.0473355057401,14.121182466405,383.050999019151,-54.8028499523297,16.4814349602435,518.92308112586
-50.127771454473,14.1439875528384,391.566873955919,-54.0836430585163,16.5511446744251,517.886725612834
-51.176265242837,14.2077815541026,400.143297153264,-53.3375310408166,16.6031088572775,516.682883231532
-52.1858594829209,14.32089170107,408.729449213746,-52.5643197792032,16.6316145567022,515.361954785633
-53.1498054371012,14.4904181900855,417.272494907513,-51.7649889242513,16.6324441226521,513.985675943088
-54.0610508139034,14.7217192354372,425.719991035103,-50.9441793976231,16.6010952005372,512.62302971126
-54.9121508778196,15.0179034149454,434.022537191772,-50.1075223614801,16.533584348797,511.354307171227
-55.6977093909651,15.3803331791626,442.133109452692,-49.2641123985861,16.4254480499403,510.267716311761
-56.4119040935131,15.8071887702806,450.010453224482,-48.4263627179809,16.2719620774551,509.456475484646
-57.0486476734213,16.2937903578953,457.619931839554,-47.6082202978185,16.0692515584711,509.018405565687
-57.6029744402497,16.833950257795,464.932689942153,-46.8280878738232,15.8132671201613,509.051907366149
-58.069034349321,17.4199904063739,471.925870675649,-46.1043130964968,15.4999865521156,509.650880755053
-58.442226399709,18.0417763000112,478.582131603713,-45.4572880599384,15.1271690364016,510.900485567683
-58.718537742102,18.6877962612817,484.889216283933,-44.9079816955228,14.6930383279658,512.873019186771
-58.893186539626,19.3470777204035,490.83955471499,-44.475493684528,14.1967173071018,515.624254005568
-58.9640387472875,20.0089539659834,496.429777261534,-44.1775989891265,13.6405829525737,519.189963445516
-58.9299769807409,20.6623822742543,501.660375021206,-44.0324404794702,13.0289825450645,523.581544485869
-58.7909828163163,21.297510962097,506.535279694508,-44.0537462368646,12.3712535719439,528.782503589467
-58.5489963048615,21.9073721102448,511.061416464711,-44.2521739956437,11.6817966017009,534.745651752654
-58.2068850950545,22.48533704705,515.248415348624,-44.6337140970195,10.9815925005063,541.390885310433
-57.7705871577279,23.0259442268422,519.107406664471,-45.1977935419684,10.2976592588608,548.606045189542
-57.2485562151633,23.5250648733128,522.649750771485,-45.9383070707072,9.6599816759238,556.25327426227
-56.6502152646387,23.9797365404139,525.886580473154,-46.84384219961,9.10240996477641,564.181652157086
-55.9867054961312,24.388739077927,528.830806294812,-47.9015853229794,8.65375773480724,572.243294889481
-55.2701183182803,24.7515386572007,531.494667399783,-49.0956469583785,8.33786470466901,580.301964789753
-54.5131435476068,25.0680991527879,533.891040843668,-50.4090664612649,8.17029371243109,588.238661528818
-53.7290883274637,25.338830276003,536.03534861309,-51.8257835520553,8.15611662399524,595.956467654817
-52.9319839002963,25.5635045263155,537.942703352586,-53.3275786395154,8.29374096227389,603.382366878201
-52.1349562315217,25.742775774541,539.630878141,-54.8953252428227,8.56993066540917,610.461585161033
-51.3498575180064,25.8768524169582,541.120968313711,-56.5100141057037,8.96555285214325,617.158002765836
-50.5873431509632,25.9642009594576,542.436786414811,-58.1522217472962,9.45592600783574,623.449391249291
-49.85627274237,26.0046431482497,543.604798564795,-59.8027204725093,10.0126231334368,629.322726134959
-49.1638551292076,25.9978294120951,544.654508970934,-61.4433816134491,10.6064450621598,634.772303876505
-48.5150595401687,25.9436991118983,545.616815270764,-63.056495440927,11.2075482685431,639.797872744226
-47.9124775216725,25.8433131099462,546.522263739848,-64.6258487717551,11.7913568296203,644.399510416769
-47.3581611149378,25.6976162010927,547.401694654139,-66.1354503932896,12.3351088424245,648.579015903694
-46.8510290536751,25.5082509267704,548.285102885273,-67.568882102358,12.820935019863,652.341146373184
-46.3887388038332,25.2779690930051,549.201042470378,-68.9104145815767,13.2368858285261,655.692898106548
-45.9696486339526,25.0105445066063,550.176329675187,-70.1469667283322,13.5743937829751,658.643980190571
-45.5897031376083,24.7100961900676,551.235699838995,-71.2687272177469,13.8307497690411,661.210777962134
-45.2451857309202,24.3809081678944,552.401343797488,-72.2676312818519,14.0093519676676,663.412585317561
-44.93309551899,24.02754971253,553.69183976309,-73.1407910286861,14.119579152949,665.270972916222
-44.6504109145903,23.6550604179763,555.121378007569,-73.8895285892433,14.1770998492131,666.806964717851
-44.3937255728204,23.2689879398201,556.700373094645,-74.5184440416407,14.2032068608029,668.037930603564
-44.1599919314025,22.8748742968024,558.436037803287,-75.0366487368107,14.2230240663397,668.976433395603
-43.946739950408,22.4782399552572,560.33210321438,-75.4553291360211,14.2644168460222,669.629705056005
-43.7518477996159,22.0849084626846,562.388469650449,-75.7879271901402,14.3563692683449,670.000588790693
-43.5729615892806,21.7014385250876,564.601643188142,-76.0479588524124,14.5245520894798,670.088473042538
-43.4083765416534,21.3335628700935,566.966753837798,-76.2474917304824,14.79049880263,669.892456536681
-43.2570182651121,20.9867168940572,569.477493115578,-76.3965097966225,15.1715284939029,669.413985626563
-43.1181173246804,20.6665111832232,572.12578274431,-76.5021163121876,15.6784046159706,668.657634425989
-42.9909836790307,20.3773725888206,574.90253054234,-76.5678802447453,16.3150803385727,667.634250984023
-42.8742648457594,20.1232773889229,577.796828464502,-76.5948171265025,17.0770114397272,666.359886952677
-42.7673596502074,19.907282357255,580.79505088898,-76.581999191793,17.9525301168329,664.856943350803
-42.6705720279291,19.731341573056,583.881197399172,-76.5268220261392,18.923527816934,663.153639706684
-42.5816174949671,19.5974626430043,587.039400859393,-76.4247106344087,19.966855784874,661.281610054899
-42.4990823865764,19.5058686015805,590.251722267508,-76.2691247277456,21.0579454493877,659.273417694538
-42.4213331811437,19.4558961484505,593.499949762886,-76.0547430735594,22.1701047748809,657.158942750937
-42.3452628098974,19.4467327031153,596.767291951143,-75.7752510820832,23.2781713545426,654.967013834466
-42.2681217868658,19.4760041580123,600.037208701526,-75.4252179971407,24.3593734644814,652.723274782782
-42.1887463536632,19.5401139142586,603.294559418005,-75.0014893470306,25.3928014416864,650.45011316471
-42.105830468431,19.6342367594774,606.524529333622,-74.5025750849221,26.3603788583715,648.169518425568
-42.0171908138647,19.752632365681,609.71180309945,-73.9291283786419,27.2488951753105,645.904484543672
-41.9221753219509,19.8895659078958,612.841493121141,-73.2848673713904,28.0461012039934,643.680620481808
-41.8198469453121,20.0374802659686,615.898825655232,-72.574915830691,28.7443207653879,641.523722816049
-41.7089506523029,20.1887190837028,618.870125181961,-71.8054062826512,29.3395124525418,639.458423174838
-41.5884180593986,20.3363100341828,621.743345643764,-70.9830941064687,29.8294579405885,637.508166709953
-41.4576683757482,20.4717573291342,624.50724357935,-70.1145509702395,30.2141533023571,635.694277330392
-41.3164979545742,20.5885928039262,627.152082429777,-69.2066891458118,30.4949274078878,634.032956931561
-41.164456029656,20.68096801203,629.670301083589,-68.2671069005165,30.6717917804543,632.536584307083
-41.0012743852239,20.7426953014555,632.056641953575,-67.3020681066281,30.7450330133273,631.211729691215
-40.828828648168,20.7692094290409,634.307461824532,-66.3164318294825,30.7147274958141,630.058913746112
-40.6488190948732,20.7560912390673,636.420183578028,-65.3137052298285,30.5804856541283,629.072223176119
-40.4629358706465,20.7004831858232,638.392345857366,-64.2950509365222,30.3432162923032,628.23898182934
-40.2735494273103,20.6015072317684,640.221087522058,-63.2602423944438,30.0047387788598,627.544685370359
-40.0840907882866,20.4583832093975,641.903284606536,-62.2076306429483,29.5673945554868,626.970395055166
-39.8995161983676,20.2733677421856,643.434558484708,-61.1351435308354,29.0359260450286,626.496341033137
-39.7253682649088,20.0503905508338,644.810631103154,-60.0403190696946,28.4178463127985,626.103987105586
-39.5675196671828,19.7940206132487,646.02851602712,-58.9206732379732,27.7218314925704,625.777328213212
-39.4332116247449,19.5102777156757,647.086550549178,-57.7752650757735,26.9572577657745,625.50616680031
-39.3300716345573,19.2046998399387,647.983933132598,-56.6041124976321,26.138003102037,625.285677405747
-39.2644103534674,18.8836969279923,648.722071324666,-55.4097144415324,25.2767498922064,625.114417346027
-39.2410895238396,18.5547263209711,649.305332458286,-54.1980734739237,24.3877531840092,624.994150338839
-39.2651865726732,18.2240263042069,649.740339659812,-52.9771725892753,23.4865943231249,624.928327239655
-39.3394964669216,17.8977243239572,650.035193496499,-51.7561890914646,22.5877967972436,624.920210435335
-39.4654475060961,17.5825833796327,650.200803604056,-50.547909467558,21.707426444539,624.972882735378
-39.6440240645152,17.2855503513536,650.25091335686,-49.3660894691549,20.8601893098049,625.087380359462
-39.8755800851061,17.0122711069786,650.200046204883,-48.2255717601744,20.0606441057251,625.265145078531
-40.1595373324453,16.7684883572235,650.063879861264,-47.1414774039738,19.3211300984824,625.507216607844
-40.4955151654147,16.5608940699016,649.858117486788,-46.1281359527465,18.6515640868273,625.812121180331
-40.8836558175395,16.3964504722551,649.597342815011,-45.198030118442,18.0609454146701,626.175232578831
-41.3236936148581,16.2807646147153,649.294163933606,-44.3602970551693,17.5556263491185,626.589399142558
-41.8149723601057,16.2215410861938,648.958403214414,-43.6213930102598,17.1422492435818,627.043524917828
-42.3571977533243,16.2262522237848,648.598013613649,-42.9815692335642,16.8253360965669,627.523810550709
-42.950073643847,16.3011997177883,648.219044029806,-42.4373222107989,16.607968346442,628.0144206368
-43.5918189445128,16.4530543561468,647.824575402084,-41.9828208289981,16.4914877409556,628.497994657797
-44.2802281822765,16.686594351242,647.416893394125,-41.6078404588448,16.4730538511282,628.957270051524
-45.0113656636099,17.0065665488457,646.997208318556,-41.3007109907753,16.5476171717118,629.377251750409
-45.7794446854892,17.4175747701428,646.565808514791,-41.0485740614404,16.7082392818574,629.743717469145
-46.5782344544523,17.9214012454193,646.123215474717,-40.8372579859874,16.9433490162303,630.045245403787
-47.4002914753812,18.5183019512801,645.670399698395,-40.6526373408703,17.2388433958481,630.274240667066
-48.2373725778252,19.206039542188,645.207831247898,-40.4812553217154,17.579481836063,630.427261201663
-49.080774699132,19.9791879675361,644.736169841225,-40.3098103372375,17.9464162632915,630.505911867386
-49.9213759752695,20.8293432640374,644.25820360894,-40.1277604638331,18.3204062350809,630.516601511883
-50.749726762657,21.7461900654833,643.77654416221,-39.9270302319634,18.6807804803062,630.470822308857
-51.5556997485062,22.7171509650764,643.295253074898,-39.7004059663349,19.0078196056726,630.384123172185
-52.3286507614011,23.7278769636233,642.819655632066,-39.4421712509949,19.2834443687091,630.277061381187
-53.0582489628345,24.7635468029418,642.354235840456,-39.1493394216135,19.4907492466255,630.175486999012
-53.7354825712713,25.8082762497519,641.904186040411,-38.8212225116893,19.6145631338109,630.1080478147
-54.3527698148272,26.8467587701442,641.474805766272,-38.4604488880584,19.6387805887905,630.108467674947
-54.9039767804011,27.8642169628555,641.069982371801,-38.0717410027402,19.5469251938796,630.217783156962
-55.3846281997412,28.8453239482651,640.690615118341,-37.6621319610044,19.322386514308,630.481465534237
-55.7925453232443,29.7775637412055,640.335817141898,-37.2401792324388,18.9504769098402,630.946974179819
-56.1262702928584,30.6495076381713,640.00117989326,-36.8142742196545,18.4207042174398,631.661495471294
-56.3854128015391,31.4503799994281,639.679450647008,-36.3921835432397,17.7265823959945,632.66573233091
-56.5720608206959,32.1713626431209,639.363064168592,-35.9803176710507,16.8690584744144,633.988818238719
-56.6876414628771,32.8058716041556,639.042834526752,-35.5843159960527,15.8571859288922,635.648113678432
-56.7344405294656,33.3480596918222,638.709916741189,-35.2095329898855,14.707261355423,637.645421845564
-56.715849758578,33.7931161684008,638.355816880277,-34.8594272454163,13.4425084121122,639.965898113016
-56.6351645531745,34.1387648858734,637.97131490234,-34.5350582384064,12.0930946121166,642.57903823767
-56.4956623028068,34.3841946281712,637.54969397948,-34.2393099324721,10.6945635003307,645.434336889279
-56.3007471948907,34.5294966670044,637.085490329956,-33.970346181729,9.28631059980152,648.466966194869
-56.053642173148,34.5754971909786,636.575039868691,-33.7274083112864,7.91004302689621,651.599705500318
-55.7568029578587,34.5240463768917,636.018176409661,-33.5104181870884,6.60731586093368,654.749052336783
-55.4118809956195,34.3792286985211,635.41615465342,-33.3186888389374,5.41727429762269,657.830719483798
-55.0205504979814,34.1463310093137,634.772722766887,-33.1540512966062,4.37430872272809,660.762555799931
-54.5839071915067,33.8309887258131,634.093471851991,-33.0194413077258,3.50387395220697,663.472123202322
-54.1013977418803,33.4393148659552,633.384109096109,-32.91810024209,2.82415742008402,665.894685432959
-53.5726769993434,32.9804230404484,632.651292700074,-32.8534855280394,2.34320189260361,667.978381473361
-52.9976602891463,32.4634361041522,631.90156828514,-32.8285653379622,2.05857749245105,669.685654198896
-52.3758874122836,31.8971250465456,631.141709663038,-32.8452603764106,1.96014397210845,670.992604264449
-51.7060638972951,31.2909062602471,630.379248691344,-32.9046375966388,2.03141535313726,671.890946374012
-50.9874468819333,30.6521852376548,629.619375830338,-33.0062236719785,2.24725139482391,672.38631946171
-50.2189831382787,29.9884939126039,628.867426829249,-33.1475952695153,2.58000520076489,672.495104189073
-49.3996219086973,29.3070598735407,628.128908829107,-33.324964925696,2.99978894813003,672.242510039675
-48.5287942309592,28.612892803466,627.408471172496,-33.5333625508759,3.47549029469906,671.659356475561
-47.6040179206565,27.9095600712255,626.71266113294,-33.7661214243924,3.97734490010165,670.778855964828
-46.6227054393992,27.2006466807021,626.048437413334,-34.014652101904,4.47742069006327,669.636279301939
-45.5823642100454,26.4885915691747,625.423233632638,-34.2696135299856,4.95118287242907,668.269356858504
-44.479847305084,25.7733868270623,624.846029544032,-34.5205197708405,5.37998076381861,666.716338642789
-43.3119409186885,25.0565337121819,624.327312599554,-34.7567811402544,5.74905194110184,665.016587237075
-42.0750334532678,24.3380424758841,623.879924507658,-34.9690401369707,6.04720951413033,663.210301713838
-40.7656383165345,23.6161113399332,623.518792029793,-35.1495186888032,6.26847209926201,661.337475149455
-39.3813520025825,22.8887210668933,623.260746055524,-35.2920609871121,6.41029277476615,659.438527779663
-37.9211602889713,22.1545230858165,623.126713370523,-35.3947689553136,6.47269037296952,657.55002644834
-36.3849488752231,21.4121093620804,623.138203334629,-35.4573173049649,6.45902925532258,655.705990525037
-34.7738616380052,20.6607482016149,623.315774481576,-35.4803238976239,6.37577310567975,653.93341547367
-33.0911199325439,19.9015119119671,623.678213719934,-35.4649562758249,6.23187867496052,652.250343696496
-31.3426756648226,19.1366855374516,624.239604586944,-35.4118461332226,6.03829425258543,650.668801516439
-29.538827285834,18.3707131480237,625.007571752913,-35.322235605916,5.80675011473417,649.192804761678
-27.6929948395688,17.610485892472,625.982934628635,-35.1965453345692,5.54940467821066,647.822410101595
-25.8203613695075,16.8648823659841,627.159472262508,-35.0352198179617,5.27815552287242,646.551387352557
-23.9405710690907,16.1434902730416,628.522383985261,-34.8392916472483,5.00468037262536,645.367957014457
-22.0749048132747,15.4574970546333,630.050426927914,-34.609163869351,4.7401213911104,644.257227013591
-20.2456951133941,14.8186581099515,631.716694606802,-34.3434471008475,4.49384717519633,643.201648435102
-18.4766465141634,14.2378639440346,633.489207792993,-34.0416063866425,4.27326102831161,642.182426818993
-16.7917972813426,13.7255713556507,635.333345779839,-33.7019827149488,4.08478964574115,641.183838153353
-15.2151102813017,13.2898449328772,637.21339571875,-33.3226840421607,3.93280003509889,640.194677631451
-13.7688822631536,12.9360810301159,639.093964830305,-32.9017391659449,3.8189771096482,639.207339084967
-12.4725081327514,12.6670442167602,640.941532688483,-32.4363672599846,3.74389409901156,638.216540989966
-11.3436751621167,12.4815079015544,642.726174055323,-31.9232207839481,3.70890619329855,637.219087301917
-10.3958717033834,12.3755080697008,644.421703493381,-31.3586489257857,3.71276512194087,636.214405836831
-9.6379082082461,12.3419496793023,646.006201224179,-30.7389348348046,3.75264307831064,635.207895052509
-9.07440384771304,12.3705493022608,647.462970476432,-30.0618459200122,3.8242926083343,634.208528836985
-8.70596360061048,12.450590126013,648.781706039682,-29.3261481080993,3.92193566883011,633.228718546881
-8.52820789402034,12.5697818480242,649.956507378898,-28.5308407830874,4.03824809447029,632.286594650481
-8.53308782312,12.71458650455,650.98617983273,-27.6774781660386,4.16453593844372,631.404442173033
-8.71008009128079,12.8714072137305,651.874378732572,-26.7695682748923,4.29367525317259,630.60610616799
-9.04464170224273,13.0279026462984,652.626861425707,-25.8114654367121,4.41920633666822,629.91943107062
-9.51815213870632,13.1730000586774,653.251355277769,-24.8099452575866,4.53535825913345,629.374362621595
-10.1096936283713,13.2967938400253,653.757215074238,-23.7749285225951,4.63734708340426,629.00123184247
-10.7973528442272,13.3909228788985,654.154857500756,-22.7180857550609,4.72128768246585,628.830989004963
-11.5571517553214,13.4498966705986,654.455192750348,-21.6528389278688,4.78458401796626,628.892954748346
-12.3657248972447,13.4702400552026,654.669905013647,-20.5986384234471,4.82580473207741,629.211863746929
-13.2012240726717,13.4499155905662,654.810987130358,-19.5756272864208,4.84493693914423,629.805472713776
-14.0435104874904,13.3880226095675,654.890273002555,-18.6048452911597,4.84365393719103,630.681824988739
-14.8745374638729,13.2848049799053,654.919541260789,-17.7083587128523,4.82555878033947,631.836661187778
-15.6788314069816,13.1424053222187,654.909595461053,-16.9048093438145,4.79603863987169,633.252087324712
-16.443232933645,12.9634665642996,654.869310639921,-16.20851936545,4.76121768496985,634.897917222303
-17.156511268232,12.750651937099,654.805419845377,-15.6291407030252,4.72841372795549,636.737199336309
-17.8091931339885,12.5092077543669,654.723384072458,-15.1706276450387,4.70630505430579,638.725910331268
-18.3928726872906,12.2438823309704,654.62425073656,-14.8294199932596,4.70445251137985,640.818669618246
-18.9013995295663,11.9602047593076,654.50658213013,-14.5954147013903,4.73231691400827,642.973232011192
-19.3312209873869,11.6651999484181,654.368385813436,-14.4556432909006,4.79825735886175,645.14825190564
-19.6791696933737,11.3642257283004,654.205865400901,-14.393013697677,4.90933664750886,647.309037575108
-19.9443708523303,11.0628105874501,654.015666966043,-14.3910701062965,5.07173727680545,649.423327532386
-20.1284657686385,10.7663512747858,653.79579724425,-14.432524767262,5.28925310764329,651.462635435749
-20.2345728782799,10.4793559702026,653.54542483139,-14.5019005718898,5.5629096386148,653.400767496518
-20.265426953456,10.2054079949536,653.263782605149,-14.5879099887358,5.89138032753992,655.212395113258
-20.2252270608344,9.94774007700487,652.951273221639,-14.6787688858301,6.2707735079522,656.877374666114
-20.1191696756959,9.7091005208644,652.608465422999,-14.7670246750185,6.69623379373336,658.378012554824
-19.9525204474276,9.49187645266873,652.235850272887,-14.845878305198,7.15914552630577,659.701317858417
-19.7302605193052,9.29870195617048,651.835771848305,-14.9095202965047,7.64924193165541,660.838039565827
-19.4571645381754,9.12993542727182,651.410689659575,-14.9537040421789,8.15685321525915,661.781600978551
-19.1378153532104,8.98540792065647,650.963183155877,-14.9744201536153,8.67244113822817,662.528109857139
-18.7765814003794,8.86556856500811,650.496421853375,-14.9675598423063,9.18619937810021,663.075313378833
-18.3775986623266,8.76968241095904,650.014224386277,-14.9295735916588,9.69098658167218,663.422754966773
-17.9449276601544,8.69584967503351,649.519416496698,-14.8562968170484,10.1819387903825,663.570285464891
-17.4828567778524,8.64224584363346,649.01560825202,-14.7454965084626,10.6538711359858,663.519488594855
-16.995852754138,8.60764633100845,648.508224122805,-14.5974948931138,11.102200772148,663.274474697461
-16.4881294361093,8.59034096293088,648.003036493067,-14.4126333963983,11.5252203311227,662.841827588893
-15.9649570437836,8.58701174552555,647.506119939399,-14.1924682126186,11.9194655635975,662.233970208191
-15.4313444494421,8.59461516636667,647.024280684342,-13.9415810132123,12.2817714108866,661.467118786168
-14.8918586685547,8.6108763496987,646.56519408968,-13.6647624353034,12.6097771882442,660.561577526362
-14.3526101322733,8.63217469940723,646.136811045106,-13.3672156759695,12.9002844627804,659.539965487218
-13.8187304693356,8.65593756047015,645.745836833768,-13.0549121158231,13.1490753382151,658.426385282868
-13.2950933948631,8.67963037158273,645.398163167336,-12.7324509399642,13.3526143122855,657.247291843876
-12.7863331823621,8.70077996249044,645.098809101053,-12.4033197036176,13.5066927274965,656.02756542785
-12.295065192284,8.71912226785325,644.850491517949,-12.0693126369751,13.6081987328446,654.79210943491
-11.8235108387111,8.73402553692665,644.652914858534,-11.7298977623706,13.6558030695518,653.564418058209
-11.3738565765605,8.74521328861471,644.503800184891,-11.3829976023176,13.6500276805513,652.36602913528
-10.9475527995308,8.75354982306585,644.399062418643,-11.0264165396093,13.5926033944317,651.21714713521
-10.5441020815792,8.76061911046892,644.331845676219,-10.6586956662834,13.4856548300582,650.136107320603
-10.1630864017554,8.76712762931519,644.294884250703,-10.2799400769902,13.3331015847077,649.137662715568
-9.80362190933409,8.77346056316288,644.280334547567,-9.89201024085928,13.1376538283024,648.233384921999
-9.46374516680253,8.78023713000431,644.279748708398,-9.49747915737978,12.9049014640814,647.429633462106
-9.14059159269948,8.78828141328467,644.285016481836,-9.09890474848612,12.6442707568629,646.72606349233
-8.83135577045993,8.79860307518338,644.289060717918,-8.69835098589332,12.3667930973784,646.11569609233
-8.5333423047348,8.81248317940612,644.286067794461,-8.29676072031783,12.0865572502785,645.585737510971
-8.24375870420132,8.83133700926824,644.271821529586,-7.89566248449466,11.8193333065701,645.120690799118
-7.95967106719506,8.8564439876012,644.244002615752,-7.4961760347734,11.5789265917056,644.70363301164
-7.67922836640195,8.88973705684593,644.200671992687,-7.09846144488935,11.3782550749118,644.318126697168
-7.40018863623825,8.93480637511977,644.140773995629,-6.70261579556445,11.2283290923167,643.948618346884
-7.11959314120102,8.99638690898311,644.064781320299,-6.30951310958816,11.1356980931264,643.580167589761
-6.83518117357612,9.07866217116232,643.97479024737,-5.91957486882654,11.1054814043368,643.200670902603
-6.54570203294363,9.1869528661493,643.87308456376,-5.53236560897397,11.1386565273957,642.800070928918
-6.24939297098234,9.32620230350186,643.761711557752,-5.1478958204097,11.2339535427452,642.370580612287
-5.94473870183142,9.50019466650453,643.642132353583,-4.76579490666732,11.3876736515501,641.908193316708
-5.63284305903665,9.71186102681103,643.514833945019,-4.3860710718524,11.5928743518364,641.413206416273
-5.31321356564982,9.9620479449703,643.379908349398,-4.0109417412278,11.8404393875566,640.88896265284
-4.98626074164846,10.2508148882954,643.238076217424,-3.64118600871103,12.1203701368958,640.340834838223
-4.65374951271518,10.5776846465491,643.090149826399,-3.27935334256061,12.4202416591083,639.775963652638
-4.31659582620297,10.9404921327848,642.935555703099,-2.92745676544585,12.7280130625263,639.201999159276
-3.97623258640877,11.3349848977551,642.774628098167,-2.58679614480789,13.031731261865,638.627789725929
-3.63386101723338,11.7564970301751,642.608346720741,-2.25943562220014,13.3188820851419,638.06352246403
-3.28968349013901,12.1993755070085,642.437870835334,-1.94730872397692,13.578292318375,637.519002959282
-2.94271541802218,12.6549289015845,642.264660816987,-1.64982481402301,13.7985757901702,637.005137637011
-2.59190370649397,13.1143345225618,642.092122572857,-1.36730165275376,13.9707078891266,636.533874269101
-2.23506030666553,13.5668047559958,641.924173280962,-1.09823798341514,14.0856149985491,636.118944158993
-1.86919808822488,14.0000213451019,641.765137904586,-0.838953801879113,14.1355076248221,635.773889884359
-1.49179481376195,14.4027625297979,641.620750641616,-0.585243835193608,14.115966737239,635.511017547534
-1.09888346202958,14.7644033247083,641.496575931331,-0.331441909529039,14.022836713505,635.344224037492
-0.685953888923705,15.0747759889101,641.397067444353,-0.071789892289415,13.8538739388647,635.285512481597
-0.248175684468659,15.325012335586,641.325336976769,0.200048843709162,13.6092516842279,635.345335613368
0.219892736675491,15.5090693066195,641.283112107755,0.48854027980394,13.2903402057612,635.532636017348
0.722645664421462,15.6243744215422,641.269680375427,0.79668614185916,12.9002530370097,635.854958475511
1.26260072946522,15.6705784495814,641.28297774712,1.12734158526036,12.4455746137368,636.317691067971
1.84099069515765,15.6497229781691,641.319306926214,1.47985268206551,11.9359070463189,636.921439414713
2.45860366614918,15.5671156645632,641.372305104319,1.85300398975686,11.3831064612663,637.663425280203
3.11335207197187,15.4295160173025,641.434584958039,2.2424042534024,10.8020566493883,638.536521758342
3.80069780091186,15.2452190821205,641.49852000379,2.64280185532498,10.2093507905116,639.529914617911
4.51506792735594,15.0237963802977,641.55629521202,3.04791495765211,9.62134326165687,640.630179706368
5.25110559298124,14.7754875204207,641.599800468136,3.44838989798258,9.05370634187175,641.82152630594
6.00218366205306,14.5112142531124,641.621456122818,3.8381098601406,8.52214644805755,643.08605991295
6.76062735309543,14.2413133335365,641.613123335275,4.20894077897532,8.03980275976883,644.404100057168
7.51825358110184,13.975014565354,641.567044947702,4.55538813453102,7.61738455575095,645.757270856804
8.26680342056039,13.7205246724909,641.477486959604,4.87526852401128,7.2629740911465,647.12735629728
8.99768787738591,13.485047646553,641.33870766212,5.16805433475509,6.98203815279198,648.495026967871
9.70242919968647,13.2735247351961,641.146881014803,5.43623849768075,6.77806190290176,649.84203261479
10.3728796465073,13.0892198529858,640.899830442916,5.68681615512701,6.65164894745911,651.151940020382
11.0015248622809,12.9349809292818,640.59576606027,5.92795246181923,6.60080185144538,652.40833640674
11.5826084008282,12.811921968391,640.234941579601,6.16890676797501,6.62177199994241,653.597510719448
12.1103001167905,12.718852007855,639.817799327295,6.41914811719556,6.70860893711064,654.708387842973
12.5794924670691,12.6534752559179,639.345086736867,6.68669659704521,6.85362406627414,655.731032129278
12.9875135775107,12.6137656123816,638.819371502523,6.97800757641136,7.0496091026567,656.657838062101
13.332319269252,12.5961993836664,638.24584685412,7.29869410383241,7.28836855029521,657.48450769082
13.6123586398525,12.596871040237,637.630098006302,7.65124927591258,7.56228322723814,658.208777514038
13.8279970720013,12.610832871301,636.978760443037,8.03552911404152,7.86306028221603,658.830870663307
13.9827484745024,12.6310929809849,636.30107338997,8.44886277594718,8.18262523459137,659.353822559312
14.0810855355994,12.6507453005341,635.606935409917,8.88591401246508,8.51422284871381,659.78236911372
14.1284668138048,12.6629288985388,634.906454419844,9.34039948266956,8.85045872468996,660.121244740754
14.1320095052734,12.6607092923225,634.210501968607,9.80553113869785,9.18823768413175,660.37539461898
14.1003875820745,12.6378636912952,633.531173113034,10.273544817666,9.52514281786372,660.548800629519
14.0408692584038,12.5917915099702,632.88054461132,10.7372436625451,9.85982496825706,660.64486951819
13.9613242527172,12.5208140092147,632.270975387551,11.1909298878548,10.1922664601166,660.666004578061
13.8696851519314,12.4244838574804,631.714891694131,11.6300332014329,10.5220063307252,660.613030553969
13.7723731951136,12.3048602752108,631.224145617993,12.0515359931964,10.8485495646578,660.48696578345
13.6746910654036,12.1650389396252,630.809332305619,12.4542861730822,11.1726300643714,660.286378144981
13.5815432350249,12.0103836944664,630.480410021011,12.8371547952557,11.4948036294385,660.010080462775
13.4968151696696,11.8479407658795,630.246173164771,13.2004761841587,11.8164742832099,659.656567179812
13.4224536764172,11.6852142457264,630.113523093684,13.5459339538662,12.1400082148652,659.224187058076
13.3588535893552,11.5301830904877,630.08786298414,13.8740487762601,12.4671105302545,658.713675136607
13.3068650943161,11.3910236822084,630.171191454767,14.1860715095409,12.8001886076246,658.126971768251
13.2665063214873,11.2761287950681,630.362979274018,14.4823643567154,13.1403059645399,657.468628838672
13.2356503717888,11.1941121406984,630.6612300179,14.7620303535704,13.4875047512774,656.74507344988
13.2128526472392,11.1533544262669,631.060234026804,15.0240163960557,13.8408974055506,655.96279994686
13.195874961722,11.1617178947075,631.550629941366,15.2676580708293,14.1988522983918,655.128074566912
13.1821464192016,11.2256243470324,632.120471212408,15.4921615145734,14.5595796711726,654.24767431205
13.1695846129312,11.3494140983516,632.755746662742,15.6977564110922,14.9198105543179,653.326241861604
13.1556772113768,11.5361570429589,633.438866761883,15.8858802546688,15.2757643747916,652.368773009434
13.1379232230836,11.7872038587752,634.151085586961,16.059204703926,15.6241161102254,651.379069858594
13.11319544577,12.10174148743,634.8723809239,16.2215627308029,15.9613281292834,650.36055491411
13.0773989346801,12.4766251354542,635.581142353974,16.3780715710329,16.283271408188,649.318441922333
13.0269879051825,12.9067134982502,636.256280403303,16.5348377742798,16.5867194264011,648.25871164125
12.9583836373865,13.384562121462,636.877428623858,16.6961309971114,16.8689777330848,647.186994221434
12.8686738406004,13.9011476932528,637.426550907333,16.8669510713976,17.1280913600638,646.110292785386
12.7561808703984,14.4461125492426,637.88939312713,17.0522252091381,17.3622742254878,645.034881898615
12.619693728849,15.0061818850633,638.25522953806,17.2561191604936,17.5705332155995,643.966100086833
12.4613864739946,15.5673832509074,638.51823672641,17.4826353119733,17.7530782257021,642.909452558993
12.2861445322743,16.1154860342167,638.67909659653,17.7351066024191,17.9093731256295,641.86897146301
12.1002678302675,16.6360634145535,638.745770963574,18.0156110761223,18.0398399123042,640.851271292306
11.9120144374211,17.115530551715,638.732407229098,18.3232157367662,18.1444309093151,639.862651308048
11.7317443961314,17.5423134168723,638.658866771162,18.6564922096696,18.2213121061861,638.90985139199
11.5697954466755,17.9078091769352,638.549580589448,19.0134174022321,18.2670148874794,638.000983082967
11.4352403199476,18.2065799222619,638.431340299211,19.3890865604157,18.2773991393381,637.14454193599
11.3376762051059,18.4353288383953,638.329825864038,19.7796274583936,18.2482461359106,636.350115946219
11.2843677665505,18.5942674637508,638.271593144662,20.1806509008763,18.1768108182144,635.627579596378
11.2807810162015,18.6866205066776,638.280044844481,20.5895698146346,18.0591979119491,634.986933667517
11.3317672284543,18.7181042291295,638.372661814634,21.0049082232813,17.8930265905444,634.436822149323
11.4412469499238,18.6973924361695,638.56426404103,21.4260085340324,17.6791111735665,633.984786683873
11.6095163610685,18.6336452123538,638.863278343064,21.8550993579588,17.4192870680338,633.639459091676
11.8346583605032,18.5366337619074,639.272534196029,22.29570384738,17.1197856149236,633.408955850572
12.1143884288578,18.41706890617,639.791254430676,22.752763174003,16.7885325185759,633.300845649079
12.4460218165213,18.2855961943401,640.416075496291,23.2316753491008,16.4368870732126,633.32187445322
12.8247870027741,18.1519593635871,641.139854244698,23.7381610098912,16.0765740960644,633.477804349025
13.2457803348268,18.0258581544369,641.953808561062,24.2768759970594,15.7176517733213,633.772958619976
13.7047991030182,17.9169996874222,642.849121569922,24.848831560105,15.3722824445215,634.209360678231
14.1956555688244,17.8331177217068,643.816029310901,25.4548066295917,15.0504432026498,634.786465621464
14.7118566983173,17.7809541741288,644.844888980082,26.0928870280939,14.7637020483732,635.49733320771
15.2472723551778,17.7655581033433,645.925943692564,26.7584236840036,14.5234340295819,636.32888279715
15.7962090893636,17.789712155867,647.048844143163,27.4454091059156,14.341729312882,637.263269661011
16.3531596879014,17.8545198199063,648.202405682455,28.1464974032362,14.2318943858424,638.278661383927
16.9126336907126,17.9602648352557,649.374258940867,28.8518227180272,14.2026668313161,639.350547811133
17.469818740807,18.1057795034581,650.552070145957,29.5521855195422,14.2616490724466,640.455031446796
18.0207978940351,18.2881492979143,651.723777670814,30.2364534086532,14.410831048376,641.57047496582
18.5618731913122,18.5035381867273,652.876100240072,30.8936728767069,14.6479414746832,642.677994606479
19.0901191964399,18.7474691955412,653.996902280992,31.5143789614268,14.9682591171328,643.759804197078
19.6037252724015,19.0149389013911,655.074552770666,32.0899236153638,15.3643025317214,644.797408770365
20.1025552457707,19.3009805448004,656.097821628281,32.6144824693934,15.8272708235746,645.773095300811
20.5887788543465,19.601651175678,657.057829841751,33.0841628548002,16.3471495887132,646.670801231545
21.0644820336526,19.9124227319445,657.949150128187,33.4977888114227,16.9110224757322,647.475606222975
21.5329836587307,20.2292150637863,658.768773588379,33.8567039833641,17.5062741587943,648.174141100774
21.9994706017432,20.5489914195132,659.515894139279,34.1641170223472,18.1217988851567,648.755623582475
22.4693503936274,20.868934698491,660.193113283459,34.424639480142,18.7460862800055,649.212427909332
22.9470792487456,21.1867000268901,660.804499584886,34.6433807247398,19.3705682087735,649.539441786718
23.4371492770458,21.5002760399214,661.355830038374,34.8258536381249,19.9862825056457,649.7325662441
23.9447089097581,21.8081421627379,661.854039889578,34.9774497315019,20.5868126115183,649.791097838829
24.4747968916084,22.1096703118791,662.305144213344,35.1029964336021,21.1667275579724,649.717703733653
25.0300550506834,22.4035616558325,662.714827644711,35.2061065634917,21.7202754039643,649.517636177918
25.6121610376328,22.689222740011,663.088305011016,35.2880501451148,22.2441602940926,649.199335898644
26.2223644259724,22.9668681513374,663.43006097126,35.3472490774705,22.7346863310136,648.772730775428
26.8601109091455,23.2357115371407,663.743702735664,35.382201742804,23.1906963261965,648.247938092586
27.5234692355663,23.4957747593306,664.032009595874,35.3898392024398,23.6117369344564,647.635731944566
28.2097948386503,23.7477308784811,664.296092759093,35.3665770613334,23.9969615864286,646.946213209238
28.9158807914887,23.9920632833521,664.535915034706,35.3106636457386,24.3451039754452,646.187851617988
29.6378736033517,24.2282946682246,664.7521993178,35.2210750306277,24.6534352632262,645.369501147406
30.3732254304565,24.4565800387136,664.945161037022,35.0969629909007,24.9190626216068,644.500168210312
31.1185468456949,24.6773596960576,665.115284935682,34.9403534040205,25.138869550656,643.587609775979
31.8694243011234,24.8908306676379,665.263532397813,34.7540409519604,25.3104916407787,642.637328804917
32.6228947370983,25.09685816226,665.390492929372,34.5415259480612,25.4331421771211,641.653141212626
33.376790942273,25.2959951125573,665.496139091933,34.3083282726432,25.5079827978386,640.637215038561
34.1287539583549,25.4887131299196,665.580590384537,34.0594414662771,25.5384443656929,639.588401343065
34.8766974344435,25.6756454128468,665.643745635089,33.800752336684,25.5289336891388,638.506802715436
35.6202905312391,25.8588730881103,665.684171783504,33.5379327980124,25.485673028936,637.391865768121
36.3592231857092,26.0407641078683,665.701554797472,33.275207008935,25.4142066893267,636.244249554241
37.0933200678453,26.2240673708657,665.693762106823,33.0154472513969,25.3192876025729,635.067563000165
37.822219486635,26.4123905404944,665.657480093727,32.7611731126754,25.2070396997875,633.867682647534
38.5446265553436,26.6103999842306,665.592089982634,32.5147275843035,25.082758495545,632.653087022141
39.2597631581302,26.8218924370128,665.496025911718,32.2770527120831,24.9530127315862,631.433612167894
39.9666305907072,27.050973286433,665.367526623514,32.0484286062798,24.8242443450145,630.221040480333
40.6641176886143,27.3012661978097,665.205409072302,31.8294432934848,24.7026650717756,629.029472719097
41.3520213573532,27.5738977010082,665.008782025637,31.6201193444024,24.5944371014554,627.874914222288
42.0306137687553,27.8714144338454,664.775344184474,31.4190812774689,24.5045687509278,626.774392110567
42.7011108422568,28.19413083814,664.503205398364,31.2272747628076,24.4360015666483,625.745298502453
43.3653559590689,28.5403852412787,664.190732831181,31.0450674551231,24.3881592694709,624.80671561758
44.0249305434921,28.9100504719117,663.83471012484,30.8747528196953,24.3591638123769,623.975702543703
44.6817130519993,29.3012922102148,663.431476668203,30.7210048541066,24.3452838535057,623.266405693201
45.3377530530154,29.7110510108968,662.976660898328,30.5902875803738,24.3411243564092,622.690531654123
45.9944178277396,30.136378914818,662.465431654883,30.4917469064362,24.3425991738015,622.256156918499
46.6518551341866,30.5753432555951,661.893162930141,30.4345203250033,24.3428531756155,621.969681273902
47.3121840396747,31.0248551516995,661.254918860497,30.4279257496226,24.3337786893035,621.836399899028
47.9767835105445,31.4810609884297,660.545651042009,30.480641311037,24.3061302134963,621.862730181046
48.6458200667158,31.9406195331933,659.759961279643,30.600314594835,24.2486683877827,622.057403641189
49.3196864852327,32.401451745301,658.89204830515,30.7937009414589,24.1502254913159,622.4311705878
49.9980835702901,32.8595259534514,657.938029952218,31.0662801946271,24.0043361048318,622.995982538198
50.6808041570243,33.3114524555513,656.892022388965,31.421894436191,23.8049328582295,623.762690471903
51.3674560898876,33.7547395610015,655.746263430946,31.8613104332817,23.5512740814993,624.743009614365
52.0565370441343,34.1862316076515,654.493621510542,32.3825638550875,23.2465144974836,625.946940876925
52.7460025453561,34.6028675904161,653.124869544309,32.9806236081612,22.8969036321124,627.380746224518
53.4331832720315,35.0016814027513,651.630161588603,33.6471790130514,22.5132025972133,629.046540513256
54.1148153882578,35.3800820792125,649.999453597739,34.3731531762257,22.1084752144292,630.939631344908
54.787257880989,35.736229309268,648.222126375809,35.1482345769915,21.699002495726,633.048438594446
55.4468270200336,36.0685491348144,646.287930435889,35.9643103961061,21.3018961991122,635.353933155757
56.0902112988701,36.3751588274067,644.186768155109,36.8155022734606,20.9359412416572,637.830417016187
56.7150761471947,36.6546745562333,641.909367798857,37.6963964903746,20.6204215505496,640.446514428644
57.3200730908619,36.906912542249,639.448002797814,38.6022906861881,20.3721702862871,643.166291542804
57.9023629786206,37.1299416955023,636.794681259701,39.531593319637,20.2086274742916,645.952034509387
58.4604281178734,37.3228240665597,633.941333841835,40.4822816700835,20.1430962317313,648.764519057035
58.9931971015013,37.4850598505741,630.880000594726,41.4534770603784,20.187904479808,651.564606191989
59.4977996027269,37.614671156851,627.602719076582,42.4459334381416,20.3523234345283,654.315501274492
59.9721522485852,37.710434240902,624.101000352026,43.4608239016924,20.6411174484933,656.981721105867
60.4137340594854,37.7716689391772,620.366043087583,44.4992022505185,21.0583798707445,659.525485229943
60.8196963794532,37.7973500678164,616.389559415193,45.5627020700648,21.6046964996103,661.908846086459
61.1876478734309,37.7858407841369,612.164317044722,46.6519303448946,22.2755793329355,664.094817728512
61.5150789082111,37.7372027472745,607.682756019395,47.7669048120711,23.0638209046109,666.047166092449
61.7995710267991,37.6502629372941,602.938869613168,48.9057615953781,23.9576249412546,667.730123237744
62.039105175673,37.5232243299399,597.928425333814,50.0637994389781,24.9395893985863,669.108661954359
62.2321266484835,37.3555151947055,592.648697759721,51.2351771842684,25.9911694971029,670.148768707582
62.3768100199653,37.1462159896303,587.10007762417,52.41146344698,27.0893893866424,670.81632235465
62.4708431115148,36.8947427368137,581.285173685084,53.5818002875353,28.2099397362883,671.07931292044
62.5122118201687,36.6010560325363,575.20836914295,54.7354299933548,29.3261694281166,670.907735282164
62.4997497221093,36.2657274941684,568.876158077323,55.8605024696744,30.4105696982365,670.274271616569
62.4315256194437,35.890696058716,562.298557075407,56.9425998473217,31.4369138961441,669.156032846007
62.305491100758,35.4792597843524,555.488152823667,57.9684733953036,32.3773502408588,667.534753302094
62.1204101810526,35.0351336201607,548.460984165029,58.9224703830143,33.2058515286088,665.396146932315
61.8759883864075,34.5617856126313,541.237593168908,59.788429518467,33.8980602823286,662.729497102341
61.5709296609424,34.0636394710383,533.841524210439,60.550030201142,34.4331937275389,659.527971129524
61.205835864071,33.5440354638788,526.298882713239,61.1914786511993,34.7955324609144,655.789339327509
60.7819422398513,33.0065428912653,518.637467563974,61.6987679590579,34.974586604916,651.515826554205
60.2994686512686,32.456265669354,510.885573091514,62.0587818890528,34.9662448252886,646.712374405272
59.7607404318095,31.896730765937,503.070809737985,62.2617562544017,34.771514626361,641.38747979839
59.1692603226817,31.3326743758365,495.220628687406,62.3035539936454,34.3980832728339,635.552348595958
58.529841495115,30.7696180153885,487.362204593647,62.1835841897234,33.8587360903111,629.22229161602
57.8485794541565,30.2124137562542,479.521685338234,61.904803589717,33.1704391065758,622.416948006807
57.1309698741484,29.6655136320266,471.722930926663,61.476561146077,32.3552031767096,615.159015811872
56.3837647590173,29.1331195446667,463.98873539873,60.9107566811581,31.4366295491495,607.477281667352
55.61438690318,28.61869373909,456.34037007321,60.2217598905598,30.4406115323221,599.404820925498
54.829918064665,28.1247949378171,448.796777833269,59.4262065852525,29.3916204384313,590.981564605118
54.0378524206648,27.6540870384907,441.374863496684,58.5407166394377,28.3127289477767,582.253646371469
53.2455973945386,27.2070923448289,434.089392907169,57.5815004478981,27.2269902439957,573.269751370605
52.4600634407515,26.783569555571,426.952574998174,56.5665075508478,26.1555903036479,564.07870851154
51.6877643545407,26.3839997353494,419.973578838358,55.511840267673,25.1170734222485,554.728906965871
50.9356660858598,26.0078506419148,413.158249887071,54.4336127147308,24.1306538385839,545.26418475405
50.2091808192148,25.6541888942839,406.509932378758,53.3478413670642,23.2131618206112,535.723865630228
49.5123432068997,25.3223625150573,400.03026870538,52.2684235412053,22.3778166465812,526.143058231065
48.8483435264051,25.0122096347992,393.720183811591,51.205437927714,21.6348490007019,516.552225167873
48.2189318995108,24.7234137789244,387.581095112897,50.1653109028173,20.9895749327863,506.977332601831
47.6249232943167,24.4557940670511,381.612999368448,49.1514717618064,20.4425969159969,497.439095179976
47.0659318158566,24.2088974149115,375.814864336355,48.162340772709,19.9909137838866,487.952983661354
46.5403067853167,23.981778069156,370.185565191715,47.1922553575073,19.6264593380727,478.528329496141
46.0461984705397,23.7737560567959,364.723939200979,46.2343333185999,19.3381892428459,469.167315573345
45.5827045376602,23.5849122958348,359.427682692239,45.2815421116002,19.1150657131234,459.864856320508
45.1482158360411,23.4149830663611,354.294267343457,44.3244922982468,18.943434994302,450.610068753456
44.7399044191928,23.2632442390718,349.321295210057,43.3539098684429,18.8115917085968,441.389884311101
44.3567497152823,23.1308741052718,344.504511108634,42.3608780876735,18.7054406764993,432.190695470347
43.9965533259605,23.0179520518378,339.838030229964,41.3356067889524,18.610609497115,423.000173327151
43.6566994202895,22.9246591068992,335.314299857411,40.2692220017872,18.5141768343372,413.809394827069
43.3348013251275,22.8520764788289,330.923489272508,39.156867628794,18.4024004639434,404.613907941041
43.0270209833437,22.7999354778144,326.652469025423,37.9951263558817,18.2625423678636,395.412728807016
42.7302322575905,22.768819165937,322.487574697853,36.782328550048,18.0846576487068,386.208642765201
42.4406163991727,22.7590039222734,318.41401798182,35.5206542248304,17.8599758430418,377.006017485627
42.1528248547315,22.7696590879365,314.415068989301,34.2148680078907,17.5805836357628,367.810208029891
41.8619481844539,22.8003753748319,310.47278199736,32.8715643298728,17.2405612369368,358.627180285521
41.5629981315826,22.8501696514205,306.568704588752,31.500363411293,16.8361714687345,349.461967281874
41.2510736472876,22.9178597770833,302.684316008761,30.1105618473477,16.3640062702152,340.318637045075
40.9215476294241,23.0023755966105,298.80147427583,28.7129538676208,15.8240920008139,331.200692493738
40.5699331586619,23.1023091252053,294.903104503827,27.3171625018503,15.2182009878891,322.1094500495
40.1922177211574,23.2162379483569,290.974070494925,25.9308143694492,14.550061806554,313.043911890553
39.7847139762811,23.3428452653808,287.001074394128,24.5612311525685,13.8262201528521,304.002561182265
39.3442165417564,23.4807373634024,282.972688263532,23.215574473882,13.0537375493901,294.984472901198
38.8686410358271,23.6279721000831,278.879938400005,21.8975689369582,12.2391757690557,285.987204414571
38.3557731280161,23.7823394207238,274.716033384946,20.610250057865,11.3915452189093,277.009663809817
37.8034746068005,23.9408830001958,270.475907480365,19.3548023730791,10.5194459186617,268.051346021893
37.2102482928593,24.1001577638138,266.156095372877,18.1290093512873,9.63202162651309,259.113098742152
36.5754798308745,24.2573269686629,261.755217695507,16.9284140797261,8.7411610646366,250.198895017589
35.8977827482457,24.4070164453415,257.274855781767,15.7487595530848,7.85699087802018,241.314559355636
35.17673732247,24.5438643035191,252.718771524183,14.5844945597249,6.98909822534507,232.468807876458
34.4132480877196,24.6637976655558,248.092361198351,13.4303871163825,6.14680306842462,223.674791192096
33.6073205753018,24.7618342119716,243.4028296423,12.2811689177341,5.33785663770015,214.950295608053
32.760055704095,24.8324569983198,238.658392779477,11.1328379299559,4.56909159935261,206.315376010803
31.8731809777139,24.8710040231972,233.868983239281,9.98492362045072,3.8479686279521,197.789791605087
30.9487072812087,24.8739048511869,229.0464378601,8.83850310587384,3.18097654858764,189.393831634968
29.9895789531869,24.8374460706886,224.203787707653,7.69583105177459,2.57491346261084,181.147116146267
29.0000120785691,24.7586077225392,219.356290787262,6.56047235491067,2.03554893400301,173.066893850735
27.9846704700891,24.635046651635,214.519522809688,5.43584865935616,1.56738045545203,165.169267800088
26.9490506467544,24.4653876989098,209.709310924426,4.32549448762377,1.17355807493374,157.469658831698
25.9009938515305,24.2499741319399,204.943985397069,3.23445690597998,0.855278682414375,149.980941979058
24.847455222731,23.9900203177862,200.24121685514,2.16621787821077,0.612379124773619,142.713683836152
23.7945464411351,23.6880255462015,195.619666583563,1.12504362063835,0.44260951028905,135.678086698813
22.7483390802317,23.3472198970377,191.098887067626,0.115426435478199,0.342865793076513,128.881469983637
21.7153775050598,22.9700657526012,186.696422872687,-0.859213527393809,0.309530620879792,122.327774797039
20.7012360046391,22.5604390203519,182.428976366108,-1.79719276989456,0.337216729530558,116.020307664049
19.7114489777475,22.1219936552455,178.312872853417,-2.69832074993873,0.41857959934473,109.964801992521
18.751499928223,21.6575203625838,174.362728344394,-3.5630972725864,0.548384091933001,104.169481735561
17.8254766553589,21.1702308759594,170.589178678813,-4.39603767754949,0.717531365142789,98.6445576057017
16.9365250642014,20.6644859933486,167.002182078592,-5.20125035922748,0.91544741531053,93.4027992441518
16.0857357002233,20.1447119485385,163.608076586584,-5.98296198713088,1.1318905046538,88.4571143676277
15.2722439801351,19.6149296092745,160.409274753626,-6.74624692660094,1.35608603381751,83.8190348537361
14.4943821563628,19.0793944795067,157.407176075308,-7.49110796025484,1.57762060888788,79.501375972666
13.7478049547004,18.543792385772,154.600095579452,-8.21949601644024,1.78852430135983,75.5145921345897
13.028173149787,18.0131366317636,151.98489818945,-8.93055430926094,1.98032385440044,71.8701144347871
12.3322247178195,17.4916281000158,149.557311747509,-9.62160784251318,2.14646227366936,68.5771516916278
11.6568184049425,16.9841124389449,147.310598335569,-10.2901014119882,2.28301642895233,65.641591196205
10.9997807068498,16.4927695324149,145.236290830629,-10.9324985210221,2.38732791846847,63.0674176941411
10.3606071916916,16.0191655877599,143.323856677211,-11.5428120619449,2.4602089975059,60.8537311772031
9.74036066430261,15.5649519200925,141.560312889723,-12.1140449600411,2.50495884791563,58.9968229682923
9.14115378558479,15.1306501925608,139.930266366248,-12.6393882979841,2.52652923938382,57.4914911832223
8.56699796503311,14.7157549818357,138.417316208401,-13.1124822818503,2.53000188886271,56.3307985071119
8.0222388419666,14.3196547994257,137.002635974141,-13.5278332561216,2.52079882823891,55.5061098942716
7.51092797875172,13.9418057862664,135.665933673569,-13.8816738835784,2.50534559696184,55.0077203458519
7.03722364526648,13.5815015905199,134.387952420611,-14.172168050408,2.48842449243816,54.8241747507482
6.60519715054199,13.2391195888524,133.147866619656,-14.3985693769871,2.47680782147046,54.940392567996
6.21722189907066,12.9146256112394,131.925357204171,-14.5617032761246,2.47596508666592,55.3387619512197
5.87421139514638,12.6072193475664,130.701165031544,-14.6635796814434,2.49052714508566,55.9980527438043
5.57654337444361,12.3160901852505,129.456149359212,-14.7064360766893,2.52639067305572,56.8927950462107
5.32059406674392,12.0402701336347,128.172034891975,-14.6924469520755,2.58950491970985,57.9948254644566
5.10198669395098,11.7783041608329,126.829724644326,-14.6242599973896,2.68345680854415,59.2724971273814
4.91615970106418,11.5284506068656,125.410388315154,-14.5041128938497,2.81162632523914,60.691097879239
4.75678367770468,11.2891129925092,123.89770077693,-14.3342871028246,2.97547164397959,62.2159233754304
4.61746823133403,11.0583603074813,122.274222734091,-14.1176584690259,3.17566204899492,63.8112716251262
4.49299042376984,10.8342628212559,120.5247512994,-13.8570849055201,3.41270618428194,65.4398065760104
4.37889661774384,10.6153629960892,118.637142365131,-13.5545781638587,3.68398983483419,67.0661811493057
4.27059535450839,10.4007476113105,116.601148683879,-13.2135775582619,3.98717138424732,68.6551506529102
4.16495166782341,10.1885157733806,114.409727244111,-12.8368947084246,4.31848533819931,70.1738670019996
4.0592184253896,9.97767828525414,112.058481866235,-12.4282456004154,4.67246677201694,71.593193539354
3.95166997331358,9.7673146757522,109.545248361973,-11.9930660097847,5.04312559423828,72.8873336194952
3.84271307162246,9.55477588090721,106.869910171723,-11.537320988162,5.42459687509073,74.0329689557377
3.73214416650435,9.33906457217945,104.034183051528,-11.0665580813865,5.81054193881781,75.0091817101199
3.62052544223707,9.11988637388009,101.042814985978,-10.5853683258382,6.19528891109917,75.7977517478234
3.50925077695232,8.8969684658491,97.9041803412101,-10.0993358845503,6.5740507831651,76.3816743776613
3.39966796467869,8.67022184806794,94.6304172822631,-9.61320999282468,6.94301214023002,76.7465601628096
3.29330882496859,8.4408232760444,91.2376360425926,-9.13023908807324,7.29836932917244,76.8801170582351
3.19111273908601,8.20972395723088,87.7461143954573,-8.65375291278311,7.636048234235,76.7711827646115
3.09339225724027,7.97775875742106,84.1796066479827,-8.18718122345041,7.95385418879637,76.4139852671683
3.00036945174731,7.74667076934886,80.5647201719787,-7.73622676727933,8.2474333799559,75.8060839561658
2.91264798360458,7.51893639803683,76.9323649541485,-7.30527131383158,8.51261872198808,74.9494374876486
2.82953355488699,7.29598800036095,73.3149039602843,-6.89872420338987,8.74506387235683,73.8505389225232
2.7497979132073,7.07830127281258,69.7461929306176,-6.52174591133461,8.93932698090519,72.5199972339131
2.67311575672757,6.86642963588643,66.2621037845476,-6.17812159903338,9.09030526427459,70.9731136551589
2.59833165046724,6.66114733995246,62.8962564516076,-5.87287626533253,9.19432206145915,69.230749247459
2.52327528257137,6.46347252099385,59.6811272917124,-5.60960517459023,9.24843387736408,67.3165901576019
2.44584659067763,6.27456280349361,56.6466557024134,-5.39112513344784,9.25123450142608,65.2562577495793
2.3651310986944,6.09553162740984,53.8174763405578,-5.21959016249669,9.20345519775895,63.0769679955062
2.28056368480016,5.92725032429505,51.2115741550204,-5.0956070467874,9.10790541481079,60.8062293117425
2.19166521641645,5.77037139815325,48.8377597151243,-5.01788449009787,8.96915830256289,58.4706602278131
2.0983775137045,5.62479037820976,46.6942903076095,-4.98367424490602,8.79325501818196,56.0984308083362
2.00113652550988,5.4892061395901,44.7665826639115,-4.98871640837409,8.58781937211563,53.7187619558103
1.89942431057644,5.36196993907085,43.0218092475869,-5.02861826806992,8.36037060453536,51.3612807930831
1.792431354445,5.2413671923541,41.4222175442508,-5.09962956565527,8.1183597704858,49.0567428896892
1.67934812282437,5.12568331066367,39.9300547045347,-5.19804412692817,7.8694941710277,46.8368718955834
1.55936508142335,5.01320370522336,38.50756787907,-5.31966169171802,7.6199274606219,44.7314050810739
1.43167269595074,4.90221378725694,37.1170042184882,-5.46156973550983,7.37446171244838,42.7661603796103
1.29546143211534,4.79099896798824,35.7206108734205,-5.61866881521326,7.1377262081458,40.9615115308461
1.14992175562595,4.67784465864101,34.2806349944983,-5.78680520228459,6.91476032107074,39.3286525559808
0.99424413219137,4.56103627043908,32.759323732353,-5.96253303032009,6.70903454420796,37.8678807834645
0.827619027520397,4.43885921460622,31.118924237616,-6.14180190486459,6.52010860744974,36.5669631707842
0.649236907321832,4.30959890236624,29.3216836609187,-6.32612768789865,6.34487544609884,35.3980274402491
0.458288237304476,4.17154074494293,27.3298491528924,-6.51808808974993,6.17979350885132,34.3304661169608
0.253963483177143,4.02297015356009,25.1056678641686,-6.72026082074614,6.02132124440326,33.3336717260206
0.0354531106486036,3.8621725394415,22.6113869453785,-6.93522359121496,5.86591710145071,32.3770367925298
0,0,0,-7.16555411148407,5.71003952868973,31.42995384159
0,0,0,-7.41383009188116,5.5501469748164,30.4618153983025
0,0,0,-7.68262924273392,5.38269788852677,29.4420139877687
0,0,0,-7.97452927437004,5.20415071851692,28.33994213509
0,0,0,-8.29210789711719,5.0109639134829,27.1249923653679
0,0,0,-8.63794282130308,4.79959592212077,25.7665572037037
0,0,0,-9.01461175725539,4.56650519312661,24.2340291751988
0,0,0,-9.4246924153018,4.30815017519648,22.4968008049548
0,0,0,-9.87076250576999,4.02098931702644,20.5242646180728
0,0,0,0,0,0
0,0,0,0,0,0
0,0,0,0,0,0
0,0,0,0,0,0
0,0,0,0,0,0
0,0,0,0,0,0
0,0,0,0,0,0
0,0,0,0,0,0
0,0,0,0,0,0
0,0,0,0,0,0
0,0,0,0,0,0
0,0,0,0,0,0
0,0,0,0,0,0
0,0,0,0,0,0
0,0,0,0,0,0
0,0,0,0,0,0
0,0,0,0,0,0
0,0,0,0,0,0
0,0,0,0,0,0
0,0,0,0,0,0
0,0,0,0,0,0
0,0,0,0,0,0
0,0,0,0,0,0
0,0,0,0,0,0
0,0,0,0,0,0
0,0,0,0,0,0
0,0,0,0,0,0
0,0,0,0,0,0
0,0,0,0,0,0
0,0,0,0,0,0
0,0,0,0,0,0
0,0,0,0,0,0
0,0,0,0,0,0
0,0,0,0,0,0
0,0,0,0,0,0
0,0,0,0,0,0
0,0,0,0,0,0
0,0,0,0,0,0
0,0,0,0,0,0
0,0,0,0,0,0
0,0,0,0,0,0
0,0,0,0,0,0
0,0,0,0,0,0
0,0,0,0,0,0
0,0,0,0,0,0
0,0,0,0,0,0
0,0,0,0,0,0
0,0,0,0,0,0
0,0,0,0,0,0
0,0,0,0,0,0
0,0,0,0,0,0
0,0,0,0,0,0
0,0,0,0,0,0
0,0,0,0,0,0
0,0,0,0,0,0
0,0,0,0,0,0
0,0,0,0,0,0
0,0,0,0,0,0
0,0,0,0,0,0
0,0,0,0,0,0
0,0,0,0,0,0
0,0,0,0,0,0
0,0,0,0,0,0
0,0,0,0,0,0
0,0,0,0,0,0
0,0,0,0,0,0
0,0,0,0,0,0
0,0,0,0,0,0
0,0,0,0,0,0
0,0,0,0,0,0
0,0,0,0,0,0
0,0,0,0,0,0
0,0,0,0,0,0
0,0,0,0,0,0
0,0,0,0,0,0
0,0,0,0,0,0
0,0,0,0,0,0
0,0,0,0,0,0
0,0,0,0,0,0
0,0,0,0,0,0
0,0,0,0,0,0
0,0,0,0,0,0
0,0,0,0,0,0
0,0,0,0,0,0
0,0,0,0,0,0
0,0,0,0,0,0
0,0,0,0,0,0
0,0,0,0,0,0
0,0,0,0,0,0
0,0,0,0,0,0
0,0,0,0,0,0
0,0,0,0,0,0
0,0,0,0,0,0
0,0,0,0,0,0
0,0,0,0,0,0
0,0,0,0,0,0
0,0,0,0,0,0
0,0,0,0,0,0
0,0,0,0,0,0
0,0,0,0,0,0
0,0,0,0,0,0
0,0,0,0,0,0
0,0,0,0,0,0
0,0,0,0,0,0
0,0,0,0,0,0
0,0,0,0,0,0
0,0,0,0,0,0
0,0,0,0,0,0
0,0,0,0,0,0
0,0,0,0,0,0
0,0,0,0,0,0
0,0,0,0,0,0
0,0,0,0,0,0
0,0,0,0,0,0
0,0,0,0,0,0
0,0,0,0,0,0
0,0,0,0,0,0
0,0,0,0,0,0
0,0,0,0,0,0
0,0,0,0,0,0
0,0,0,0,0,0
0,0,0,0,0,0
0,0,0,0,0,0
0,0,0,0,0,0
0,0,0,0,0,0
0,0,0,0,0,0
0,0,0,0,0,0
0,0,0,0,0,0
0,0,0,0,0,0
0,0,0,0,0,0
0,0,0,0,0,0
0,0,0,0,0,0
0,0,0,0,0,0
0,0,0,0,0,0
0,0,0,0,0,0
0,0,0,0,0,0
0,0,0,0,0,0
0,0,0,0,0,0
0,0,0,0,0,0
0,0,0,0,0,0
0,0,0,0,0,0
0,0,0,0,0,0
0,0,0,0,0,0
0,0,0,0,0,0
0,0,0,0,0,0
0,0,0,0,0,0
0,0,0,0,0,0
0,0,0,0,0,0
0,0,0,0,0,0
0,0,0,0,0,0
0,0,0,0,0,0
0,0,0,0,0,0
0,0,0,0,0,0
0,0,0,0,0,0
0,0,0,0,0,0
0,0,0,0,0,0
0,0,0,0,0,0
0,0,0,0,0,0
0,0,0,0,0,0
0,0,0,0,0,0
0,0,0,0,0,0
0,0,0,0,0,0
0,0,0,0,0,0
0,0,0,0,0,0
0,0,0,0,0,0
0,0,0,0,0,0
0,0,0,0,0,0
0,0,0,0,0,0
0,0,0,0,0,0
0,0,0,0,0,0
0,0,0,0,0,0
0,0,0,0,0,0
0,0,0,0,0,0
0,0,0,0,0,0
0,0,0,0,0,0
0,0,0,0,0,0
0,0,0,0,0,0
0,0,0,0,0,0
0,0,0,0,0,0
0,0,0,0,0,0
0,0,0,0,0,0
0,0,0,0,0,0
0,0,0,0,0,0
0,0,0,0,0,0
0,0,0,0,0,0
0,0,0,0,0,0
0,0,0,0,0,0
0,0,0,0,0,0
0,0,0,0,0,0
0,0,0,0,0,0
0,0,0,0,0,0
0,0,0,0,0,0
0,0,0,0,0,0
0,0,0,0,0,0
0,0,0,0,0,0
0,0,0,0,0,0
0,0,0,0,0,0
0,0,0,0,0,0
0,0,0,0,0,0
0,0,0,0,0,0
0,0,0,0,0,0
0,0,0,0,0,0
0,0,0,0,0,0
0,0,0,0,0,0
0,0,0,0,0,0
0,0,0,0,0,0
0,0,0,0,0,0
0,0,0,0,0,0
0,0,0,0,0,0
0,0,0,0,0,0
0,0,0,0,0,0
0,0,0,0,0,0
0,0,0,0,0,0
0,0,0,0,0,0
0,0,0,0,0,0
0,0,0,0,0,0
0,0,0,0,0,0
0,0,0,0,0,0
0,0,0,0,0,0
0,0,0,0,0,0
0,0,0,0,0,0
0,0,0,0,0,0
0,0,0,0,0,0
0,0,0,0,0,0
0,0,0,0,0,0
0,0,0,0,0,0
0,0,0,0,0,0
0,0,0,0,0,0
0,0,0,0,0,0
0,0,0,0,0,0
0,0,0,0,0,0
0,0,0,0,0,0
0,0,0,0,0,0
0,0,0,0,0,0
0,0,0,0,0,0
0,0,0,0,0,0
0,0,0,0,0,0
0,0,0,0,0,0
0,0,0,0,0,0
0,0,0,0,0,0
0,0,0,0,0,0
0,0,0,0,0,0
0,0,0,0,0,0
0,0,0,0,0,0
0,0,0,0,0,0
0,0,0,0,0,0
0,0,0,0,0,0
0,0,0,0,0,0
0,0,0,0,0,0
0,0,0,0,0,0
0,0,0,0,0,0
0,0,0,0,0,0
0,0,0,0,0,0
0,0,0,0,0,0
0,0,0,0,0,0
0,0,0,0,0,0
0,0,0,0,0,0
0,0,0,0,0,0
0,0,0,0,0,0
0,0,0,0,0,0
0,0,0,0,0,0
0,0,0,0,0,0
0,0,0,0,0,0
0,0,0,0,0,0
0,0,0,0,0,0
0,0,0,0,0,0
0,0,0,0,0,0
0,0,0,0,0,0
0,0,0,0,0,0
0,0,0,0,0,0
0,0,0,0,0,0
0,0,0,0,0,0
0,0,0,0,0,0
0,0,0,0,0,0
0,0,0,0,0,0
0,0,0,0,0,0
0,0,0,0,0,0
0,0,0,0,0,0
0,0,0,0,0,0
0,0,0,0,0,0
0,0,0,0,0,0
0,0,0,0,0,0
0,0,0,0,0,0
0,0,0,0,0,0
0,0,0,0,0,0
0,0,0,0,0,0
0,0,0,0,0,0
0,0,0,0,0,0
0,0,0,0,0,0
0,0,0,0,0,0
0,0,0,0,0,0
0,0,0,0,0,0
0,0,0,0,0,0
0,0,0,0,0,0
0,0,0,0,0,0
0,0,0,0,0,0
0,0,0,0,0,0
0,0,0,0,0,0
0,0,0,0,0,0
0,0,0,0,0,0
0,0,0,0,0,0
0,0,0,0,0,0
0,0,0,0,0,0
0,0,0,0,0,0
0,0,0,0,0,0
0,0,0,0,0,0
0,0,0,0,0,0
0,0,0,0,0,0
0,0,0,0,0,0
0,0,0,0,0,0
0,0,0,0,0,0
0,0,0,0,0,0
0,0,0,0,0,0
0,0,0,0,0,0
0,0,0,0,0,0
0,0,0,0,0,0
0,0,0,0,0,0
0,0,0,0,0,0
0,0,0,0,0,0
0,0,0,0,0,0
0,0,0,0,0,0
0,0,0,0,0,0
0,0,0,0,0,0
0,0,0,0,0,0
0,0,0,0,0,0
0,0,0,0,0,0
0,0,0,0,0,0
0,0,0,0,0,0
0,0,0,0,0,0
0,0,0,0,0,0
0,0,0,0,0,0
0,0,0,0,0,0
0,0,0,0,0,0
0,0,0,0,0,0
0,0,0,0,0,0
0,0,0,0,0,0
0,0,0,0,0,0
0,0,0,0,0,0
0,0,0,0,0,0
0,0,0,0,0,0
0,0,0,0,0,0
0,0,0,0,0,0
0,0,0,0,0,0
0,0,0,0,0,0
0,0,0,0,0,0
0,0,0,0,0,0
0,0,0,0,0,0
0,0,0,0,0,0
0,0,0,0,0,0
0,0,0,0,0,0
0,0,0,0,0,0
0,0,0,0,0,0
0,0,0,0,0,0
0,0,0,0,0,0
0,0,0,0,0,0
0,0,0,0,0,0
0,0,0,0,0,0
0,0,0,0,0,0
0,0,0,0,0,0
0,0,0,0,0,0
0,0,0,0,0,0
0,0,0,0,0,0
0,0,0,0,0,0
0,0,0,0,0,0
0,0,0,0,0,0
0,0,0,0,0,0
0,0,0,0,0,0
0,0,0,0,0,0
