St1_VL,St2_VL,St1_BF,St2_BF,St1_TA,St2_TA,St1_GAL,St2_GAL
0.025623,-0.032341,-0.002988,0.010954,0.063456,-0.017583,0.009421,-0.007853
-0.040764,-0.025534,-0.001834,-0.001594,-0.012679,-0.006527,0.004369,-0.002505
-0.035796,0.007501,0.00306,-0.000864,-0.00939,-0.016544,-0.004368,0.001228
0.017956,0.021845,-0.00283,0.005183,-0.010861,0.000299,0.000294,-0.001653
0.021657,0.025633,-0.008668,0.00161,-0.001446,0.017458,-0.004063,-0.003238
0.085991,0.047803,0.007786,-0.003447,0.052237,0.016211,0.001683,0.004627
0.017456,-0.107101,0.004644,-0.001601,-0.064777,0.003241,-0.008261,0.002335
-0.063365,-0.015802,-0.004941,-0.005195,0.01307,-0.010552,0.00289,-0.004371
-0.019026,0.008243,0.000355,-0.00169,-0.013657,-0.030064,0.000807,-0.00775
0.005284,0.015176,0.001706,0.00635,0.006687,0.03456,-0.001534,0.0057
-0.005872,0.028799,-0.007003,-0.001575,-0.002195,0.036949,-0.003314,0.006214
0.010358,0.025924,-0.004901,0.003352,-0.008728,0.057232,0.000752,0.010952
0.003166,-0.081411,-0.013603,-0.003419,-0.016691,-0.0046,-0.000912,-0.009073
-0.001632,-0.023584,0.0229,0.003307,-0.015493,0.053921,-0.000806,0.001171
0.060809,0.078656,0.006139,-0.000548,0.003353,-0.071931,0.000673,0.002182
-0.020922,-0.079615,-0.001972,-0.007188,-0.006083,-0.01001,-0.003069,-0.000861
-0.033549,0.008101,-4e-06,0.006011,-0.069388,0.053305,-0.010135,0.005145
0.037653,0.087091,0.000354,-0.003536,0.088395,-0.00986,0.00858,-0.000322
0.03917,-0.173279,-0.004537,0.000297,-0.149889,0.019652,-0.011293,0.000743
-0.0409,-0.017507,0.003635,-0.000246,0.371382,-0.013735,0.038676,-0.000519
0.001545,0.012491,0.003594,-0.002261,0.029992,0.03205,-0.002504,0.007795
-0.000192,0.007812,-0.003867,0.012974,-0.025183,0.015054,-0.004199,-0.000546
0.032115,0.011998,0.001699,-0.003711,-0.022328,0.01745,-0.003324,-0.005884
-0.001899,0.006858,-0.007023,-0.048975,-0.01019,0.006956,-0.002107,0.00091
-0.023183,-0.022438,0.006284,0.016976,-0.000156,-0.029277,-7.8e-05,-0.007717
-0.005038,0.011919,-0.005456,0.012263,0.002459,-0.154068,-9.7e-05,-0.005176
0.002851,-0.000291,0.00619,0.014071,0.006944,0.386483,0.004354,0.038239
0.018794,0.006723,0.019548,0.011655,0.01514,0.105225,-0.00235,0.005351
-0.00178,-0.013549,-0.067694,-0.00708,-0.000214,-0.032432,-0.000421,-0.004056
-0.018937,0.008443,-0.008489,-0.006953,0.001893,-0.19815,0.005199,-0.012041
0.041937,0.073273,0.00752,0.024026,0.005808,0.40265,0.000427,0.035633
0.027561,-0.124525,0.01296,-0.015896,-0.003605,0.046214,-0.001362,-0.002661
-0.056523,0.014106,0.003934,-0.000923,-0.445537,0.035487,-0.035713,0.005881
0.000872,-0.044777,0.011015,-0.003553,0.364718,0.073521,0.043998,-0.000257
-0.020375,0.003175,-0.001692,0.000562,0.090529,-0.065703,0.007762,-0.005748
-0.001853,0.014686,-0.010619,0.006139,0.039588,-0.178052,-0.004692,-0.013329
0.033594,0.003956,-0.000766,-0.005381,-0.106352,0.057615,-0.006301,0.012226
0.094321,0.012916,-0.005492,-0.014173,-0.062128,0.096827,-0.006471,0.003551
-0.075703,0.002667,-0.001094,0.000829,-0.066966,0.02886,-0.007945,-0.002643
-0.032186,0.043764,-0.003731,-0.001682,-0.086912,0.013586,-0.008083,-0.000557
0.004036,-0.103512,-0.000929,-0.012621,-0.017747,-0.265081,0.005853,-0.015987
0.021004,-0.059212,0.003258,0.012079,0.025595,-0.059997,0.001706,-0.000847
0.014008,0.0086,0.003607,0.047631,-0.017908,0.310496,0.000911,0.02193
-0.017464,0.01494,0.006095,0.022001,0.002372,-0.020065,-0.002949,-0.002347
0.000432,0.045163,-0.001898,-0.064212,0.001395,0.483005,0.001347,0.037457
0.032685,-0.037003,-0.005072,0.03552,0.014586,0.093887,0.000471,-0.001149
-0.010607,0.014848,-0.004907,-0.062844,0.011591,0.018569,0.000297,0.001413
0.036937,0.003577,0.005586,-0.001095,-0.029826,-0.044769,-0.00301,-0.011974
-0.120657,0.012557,-0.006047,0.013042,-0.04512,-0.01001,-0.005188,0.001603
-0.034569,-0.015014,0.003539,0.022935,-0.034256,-0.068952,-0.002923,-0.002313
-0.001933,-0.008844,-0.003271,-0.0123,-0.064358,-0.010351,0.000429,-0.002919
0.014804,0.02597,-0.013192,0.006047,0.04317,-0.027648,0.00378,-0.003337
0.037182,0.015995,0.00407,0.008484,0.0013,-0.013569,-0.001036,-0.001319
0.021771,0.005372,0.001087,0.003346,-0.134571,0.027667,-0.006848,0.00016
-0.009128,-0.073825,-0.004792,-0.002763,0.079857,0.014762,0.006287,0.001917
0.018496,0.018244,0.000947,0.002673,0.03155,-0.207565,0.001063,-0.022036
-0.031846,-0.019063,-0.009991,-0.012609,-0.021308,0.333325,-0.002359,0.034622
0.016372,0.054357,-0.001409,0.006454,0.036175,0.08949,-0.000587,0.006168
0.034003,-0.002047,-0.005017,0.001194,-0.02091,0.018295,-0.000254,0.00284
-0.084558,-0.002824,-0.002807,0.006532,-0.006457,-0.216813,-0.000636,-0.01829
0.02091,-0.026039,0.000669,0.016823,0.004663,-0.172781,-0.000499,-0.018263
0.028466,0.032947,0.000694,-3.3e-05,0.019542,0.251837,0.003336,0.025474
-0.024489,0.019159,0.000345,-0.015995,0.028374,0.249516,0.005802,0.015988
0.001903,-0.017544,0.001563,0.00911,-0.035318,0.027461,-0.006051,0.003799
0.003558,-0.008523,0.002904,0.006361,-0.040274,-0.005657,-0.008365,0.000293
-0.004957,-0.002704,0.003252,0.00857,-0.099487,-0.062717,-0.006093,-0.009932
0.021961,0.005374,0.001331,-0.011622,-0.116803,-0.098467,-0.010795,-0.008602
0.039819,0.013577,0.004203,0.007903,0.120113,0.251156,0.017614,0.025105
-0.015349,-0.025967,-0.001802,0.003478,0.066232,-0.009291,0.001838,-0.000708
-0.055732,0.012402,0.001549,-0.007239,0.009526,0.004159,-0.002681,0.004914
-0.013298,-0.013445,0.005868,-0.003262,-0.025438,-0.015871,-0.002304,-0.006762
0.015724,0.009521,-0.000917,-0.001918,-0.038034,0.004632,-0.002865,-0.000902
0.014458,0.01128,-0.004487,0.000595,-0.066325,-0.076405,-0.003158,-0.011495
0.007225,0.007497,0.014395,0.02895,0.062823,-0.097108,0.005858,-0.000923
0.03784,0.020774,0.001273,-0.09139,0.164165,0.257897,0.01467,0.019947
0.044248,0.054057,-0.002296,0.012707,0.029821,-0.012068,-0.001994,0.000375
-0.09125,-0.063509,0.00525,0.003509,0.004738,-0.044236,0.012304,-0.004955
-0.030455,0.000378,-0.006351,0.003961,0.000259,-0.041336,-0.016347,0.000954
-0.025164,-0.031279,-0.009967,-0.000732,-0.024547,-0.01649,-0.00693,-0.005247
0.015313,-0.019491,0.000121,0.003561,0.087288,-0.014827,0.005687,0.002205
0.017107,0.057942,-0.003669,-0.006516,0.098116,0.007019,0.007144,0.001327
0.000182,-0.027701,-0.003616,-0.000725,-0.14365,-0.020291,-0.008711,-0.003667
0.01223,0.004807,0.005127,0.002146,0.160979,-0.146609,0.017959,-0.008682
-0.002552,0.02329,0.003888,-0.011079,0.087509,-0.068854,0.001964,-0.004299
0.004034,0.017799,-0.004993,-0.003467,-0.01725,0.143821,-0.001432,0.011549
0.044572,-0.006154,0.001533,0.01101,-0.016972,-0.019917,0.000455,0.00166
0.018485,-0.035828,-0.005878,0.00352,-0.005028,-0.043322,0.003573,-0.007892
0.022664,0.003189,-0.005072,0.002061,-0.003698,-0.012719,-0.001286,-0.001077
-0.063358,0.034552,0.000821,0.007497,0.001257,-0.013269,-0.001017,-0.005047
-0.028996,-0.001789,-0.00458,-0.011526,-0.009752,-0.078095,-0.001987,-0.005034
0.016905,0.000864,0.004273,-0.002007,-0.026928,-0.027685,-0.005329,1.2e-05
0.014522,-0.008619,0.00409,-0.003612,-0.01855,0.039257,0.001265,0.007635
0.029372,0.030168,-8.3e-05,0.004182,0.007159,-0.06046,0.002011,-0.010238
-0.013153,-0.016635,-0.009407,-0.000547,0.013767,-0.035298,0.002266,-0.00372
0.00216,-0.052235,0.003984,-0.055734,-0.008121,-0.006498,-0.002197,0.010012
0.017797,0.00862,-0.000877,0.012153,-0.003947,0.010393,-0.000468,-0.014326
-0.001839,0.00672,0.016357,-0.006227,-0.027502,0.018111,-0.004091,-0.011327
-0.019761,0.07354,-0.006049,0.005066,0.029227,0.006769,0.004059,0.001716
0.005846,-0.124898,-0.038122,-0.005892,-0.057774,0.00804,-0.011486,0.004918
0.024949,0.005807,-0.00314,-0.004411,0.059757,-0.005604,0.005448,0.000289
-0.020294,-0.01639,-0.008448,-0.005461,-0.052038,-0.006864,0.004609,8.6e-05
-0.024574,0.036714,0.011303,0.000489,-0.004383,-0.003231,0.030167,-0.005398
0.009013,-0.022307,-0.002264,-0.000513,-0.001873,0.005653,-0.011621,0.000321
0.012628,-0.013644,0.007341,0.004367,-0.009126,-0.179432,-0.004463,-0.007717
-0.024015,-0.00388,0.00118,0.003402,-0.033982,0.09943,-0.005492,0.014458
-0.00349,0.03747,-0.00128,-0.008762,0.076315,-0.017807,0.012951,-0.005342
0.012209,0.002278,-0.010787,-0.001916,0.017112,0.002689,0.006875,-0.003962
0.009158,-0.022256,0.001341,-0.000605,-0.00464,-0.001097,-0.008068,0.007328
0.006825,0.032262,0.007274,0.001049,-0.014473,0.001989,-0.016305,0.002625
0.024173,-0.030522,-0.005529,0.003775,-0.011051,-0.010173,-0.008632,-0.017558
0.046394,-0.002971,-0.001737,-0.001586,-0.008235,-0.001197,0.007393,-0.002157
-0.043259,0.004008,-0.008121,-0.001108,-0.003345,0.003037,0.005824,0.000974
-0.078249,-0.000767,-0.007934,0.00153,0.007917,0.002158,0.003567,-0.004107
-0.02443,0.010246,-0.005806,-0.004179,0.007924,-0.124737,0.004469,-0.005189
0.062653,0.037676,0.004449,-0.002116,-0.002956,0.176712,-0.001502,0.007914
-0.03581,-0.139416,0.006183,-0.004847,0.003114,-0.240883,0.000393,-0.010204
0.016689,-0.018104,-0.005792,0.000736,-0.003071,-0.1206,0.000408,-0.0167
0.010837,0.007995,-0.007233,0.00097,-0.062942,0.115057,-0.010213,0.008234
0.042522,0.075392,0.003082,0.007387,-0.078605,-0.089837,0.000634,-0.009324
0.069835,0.078565,0.0005,0.000127,0.103255,-0.026645,0.014168,0.00194
-0.145627,-0.082752,0.001407,-0.001789,-0.000152,-0.006014,-0.002903,-0.00158
-0.014615,-0.024071,-0.002126,-0.002938,-0.023265,-0.007716,-0.003308,0.003691
0.010536,0.022976,-0.003461,-0.003079,-0.015729,-0.006466,-0.001718,0.003834
-0.010728,0.028473,-0.000523,0.005285,-0.013283,-0.004057,-0.003252,0.000364
0.007627,0.008077,-0.002862,0.001519,-0.014845,0.028721,-0.010413,0.002243
0.00666,-0.005875,0.001473,0.004272,-0.053693,-0.000936,0.007698,-0.004015
0.007526,-0.004064,-0.005281,-0.004268,0.116472,0.006469,0.012576,0.005006
0.007734,-0.002739,-0.002006,0.003436,-0.130516,0.005422,-0.008912,-0.004063
-0.001544,0.011435,0.00395,-0.001189,0.090313,0.00532,0.005387,0.001969
0.026873,-0.026561,-0.000382,-0.006853,0.03377,-0.00317,-0.00405,0.000776
-0.013319,0.085541,-0.004544,-0.001245,-0.010125,-0.004976,-0.006673,0.007145
-0.040994,-0.023331,0.001923,0.007725,0.012863,-0.029401,0.004909,-0.005703
0.007681,-0.004254,-0.002357,0.005098,0.024158,0.114982,0.001187,0.011457
-0.022909,0.032691,0.002886,0.002539,-0.103649,0.000139,-0.002007,-0.009494
0.003492,0.043961,-0.003895,-0.005321,0.065751,0.001436,0.006874,-0.005118
0.010422,0.004952,-0.004012,-0.003136,0.156835,-0.019738,0.013057,-0.008411
0.049282,-0.074179,-0.012406,0.002116,-0.135727,-0.004524,-0.009239,-0.005205
0.00772,0.009756,0.019344,-0.003526,-0.05947,-0.008865,-0.006913,0.002303
-0.021211,0.032827,-0.000455,0.001833,0.150783,-0.005898,0.012066,0.01298
-0.009548,0.008401,-0.004536,-0.004051,-0.134744,-0.004855,-0.024058,0.019804
-0.016662,0.029469,0.00061,-0.002261,-0.012612,0.003437,-0.004284,0.000343
-0.021865,0.008099,0.000201,-0.000473,-0.049605,-0.001201,0.018226,-0.00463
0.006514,-0.028127,0.000115,0.002078,-0.078515,-0.003431,0.00086,-0.003276
0.050468,-0.004135,-0.000119,0.001836,-0.070184,-0.014255,-0.017727,-0.010574
0.037501,0.0077,-0.0002,0.005557,-0.398981,0.006102,-0.027511,0.006084
-0.09281,0.006135,0.003037,-0.000934,0.332213,0.010438,0.03336,0.002856
-0.001162,0.006834,-0.001759,-0.002087,0.064681,-0.000726,0.004028,0.001871
0.00426,0.033143,0.002894,0.001927,-0.053274,0.005196,-0.005835,-0.014523
0.018513,-0.037547,0.002544,0.00167,0.03584,-0.004537,0.018433,0.012767
0.021765,-0.014568,0.0043,-0.000616,-0.044819,-0.014543,-0.019671,-0.003112
0.044398,-0.039956,-0.00539,-0.001639,-0.38787,-0.01311,-0.019858,0.011249
-0.031334,0.073499,-0.000233,0.005275,0.353601,0.006627,0.037458,0.012614
0.00533,-0.04426,-0.000172,0.002629,-0.191982,0.007052,0.000573,0.0156
-0.019683,0.010998,0.003377,-0.000845,-0.008391,-0.007594,0.038025,-0.022229
-0.005686,0.005662,0.003589,0.003753,0.081931,0.015029,-0.040197,0.001792
0.006126,0.009977,-0.000647,-0.006946,-0.015574,-0.008816,0.008204,0.00754
0.009647,0.013977,-0.006127,0.00107,-0.196751,-0.009849,-0.017054,-0.036492
0.007595,-0.014652,-0.00413,0.000127,0.16664,-0.008245,0.019448,0.00415
-0.009587,-0.00463,-9e-05,0.001976,0.242848,0.025225,0.013456,-0.011425
-0.018611,-0.001136,0.004467,0.011606,0.035716,-0.017126,-0.002448,0.026938
-0.002302,-0.005867,-0.000691,-0.005355,-0.009108,-0.008303,0.000485,0.005199
0.004504,0.025566,0.00308,-0.00541,-0.033373,0.016617,-0.002953,0.007412
0.040961,-0.014822,-0.00269,-0.006951,-0.028573,-0.002516,-0.000853,-0.002949
0.038476,-0.025153,-0.006063,0.002951,-0.025248,0.008172,0.001714,-0.006631
-0.011394,0.051681,0.00092,0.003337,-0.007106,-0.015372,-0.00042,-0.007383
-0.084237,-0.07019,0.002295,-0.004753,-0.002657,0.013626,0.003263,-0.007936
-0.000272,-0.00811,0.001807,0.001471,-0.00328,-0.021323,0.005501,3.4e-05
0.021188,-0.011314,0.002459,-0.000457,0.003307,0.006813,-0.001865,-0.009623
0.020734,-0.028817,-0.001434,-0.000149,0.010191,0.023131,-0.024296,0.02051
0.016385,0.045155,-0.000211,-0.000277,0.001836,-0.011193,0.002499,-0.000743
0.00954,-0.005434,-0.000663,-0.00555,0.014004,-0.015072,0.006754,-0.019236
0.003554,0.035076,-0.001079,-0.005944,-0.000245,0.001164,-0.006733,0.010057
0.003735,0.030891,-0.000898,0.001874,-0.003499,0.002749,0.013471,0.021193
0.014676,-0.047436,-0.001138,-0.002071,0.003079,0.002806,0.021876,-0.041318
0.001383,0.033286,-0.004778,-4.9e-05,0.009358,0.010326,-0.009415,-0.018626
-0.063553,-0.132759,0.001444,0.008598,-0.011005,-0.002148,-0.023269,0.02523
-0.026618,-0.023646,0.003578,-0.00233,-0.000962,-0.005896,0.007063,0.001125
-0.00271,0.01021,0.000676,-0.003878,0.003305,0.001346,0.00316,0.006916
0.01115,0.013894,0.003838,-0.00433,-0.006112,-0.006743,-0.002345,0.008376
0.010938,0.010212,-0.002037,0.001552,-0.000173,-0.012911,0.0091,-0.006159
0.006932,0.016346,-0.005282,0.010176,-0.002114,0.003092,0.011953,0.003684
0.006821,-0.035528,0.001395,-0.000556,0.000857,0.004546,-0.016004,-0.002469
-0.02114,-0.005519,0.003139,-0.005763,0.003804,0.010538,-0.029904,0.004297
0.007258,0.018966,-0.000951,-0.00159,-0.012723,0.001675,0.005802,0.002114
-0.005543,0.017007,0.004094,0.0014,0.087268,-0.019706,0.012828,-0.000815
-0.03266,0.004028,0.001459,-0.000203,-0.024288,0.045357,-0.009359,0.007878
-0.005872,0.037402,-0.005195,0.001779,0.012459,-0.012055,0.016199,0.005885
-0.000673,-0.015814,-0.001459,0.001875,0.006302,-0.033714,-0.005885,-0.021328
0.014846,-0.005623,0.003213,0.000576,0.026924,0.016772,-0.003341,-0.003402
-0.006401,0.010912,0.002351,0.000251,-0.094106,0.006478,-0.01067,0.012778
-0.003949,0.032975,-0.000221,-0.003401,-0.090099,0.002735,0.006261,0.011842
0.068609,-0.009173,-0.000382,0.000325,0.174064,-0.038577,0.014356,-0.010141
-0.025567,-0.005213,0.001748,0.002424,0.007644,-0.006054,-0.003674,-0.025234
0.01813,0.007325,0.004259,0.000938,-0.025209,0.002551,-0.002569,0.012425
-0.023857,0.050352,-0.001757,-0.001668,-0.043799,0.006857,-0.014326,0.001153
-0.076047,0.002742,-0.002657,-0.00641,-0.019772,-0.00134,0.01557,0.01095
0.004859,-0.024177,0.003227,-0.000327,-0.008151,0.008172,-0.002335,0.001261
0.009972,-0.001842,0.001495,0.001013,-0.054528,0.020598,-0.011081,0.011624
0.008948,0.04886,-2.4e-05,-0.000372,0.081106,-0.029336,0.003825,0.003928
0.029873,-0.064563,-0.006735,-0.002867,0.317728,-0.009355,0.024096,-0.018212
-0.000504,0.02176,-0.00435,0.003296,-0.395656,0.011907,-0.035482,-0.010406
-0.000495,-0.040745,0.002135,0.003197,0.043701,0.008659,0.017616,-0.011264
-0.005548,0.010155,0.004742,-0.002282,0.088115,0.065102,0.004419,-0.004043
-0.019191,0.010759,0.000922,0.004766,-0.01957,-0.062135,-0.002178,-0.017499
-0.005299,-0.00368,0.001812,0.001776,-0.047018,-0.004168,-0.002544,0.034254
0.044449,-0.006129,-0.001068,0.000892,-0.046311,0.012642,-0.001692,-0.031729
-0.026872,0.006113,-0.003924,-0.002231,-0.033426,0.019942,0.000388,-0.030169
-0.001997,0.033711,0.004623,0.002109,-0.034176,-0.008816,-0.005761,0.018028
0.058201,-0.022352,0.003501,-0.00211,-0.003932,0.011277,0.000723,-0.004464
0.021351,0.056574,-0.00132,-0.002027,0.008049,-0.033926,0.002172,0.022596
-0.063107,-0.035025,-0.002953,0.002832,0.010953,0.006502,0.001902,-0.006647
-0.092451,-0.001026,-0.001734,-0.004664,0.007307,0.014536,-0.008014,-0.022098
0.019575,0.015121,0.001771,0.003065,0.012193,0.039682,0.001026,0.002053
0.03635,-0.023489,-0.003876,0.006738,0.005361,-0.022278,0.000627,0.027753
0.031107,0.024247,-0.004013,-0.004542,0.00024,-0.004266,-0.00222,0.025731
0.01839,-0.026656,-0.000278,0.002639,0.002786,-0.039452,0.002966,-0.028805
0.016914,-0.037975,0.004812,-0.005621,-0.031934,0.020122,-0.002826,-0.005356
-0.015291,0.041931,-5.7e-05,0.00156,-0.033086,0.000469,0.001925,0.006157
-0.003691,-0.052885,0.000797,-0.002854,-0.35592,0.020334,-0.033651,-0.010318
0.019321,-0.003869,-0.000535,-0.007555,0.602513,-0.014267,0.068562,0.001735
0.000501,0.009527,-0.00108,-0.000115,0.238362,-0.004499,0.017129,0.039058
-0.017167,0.006377,0.001569,-0.004911,0.047271,-0.014444,-0.004748,-0.018595
-0.008844,0.01134,0.000717,0.003305,0.008707,0.011273,0.001124,-0.009691
-0.008814,-0.022668,-0.000782,0.003407,-0.041559,-0.020173,-0.006159,-0.024136
-0.010088,-0.002713,0.001752,0.013889,-0.053107,0.004708,-0.001721,-0.0062
0.004144,8e-05,-0.001224,0.003383,0.011376,0.005326,-0.004821,0.031135
0.009954,0.003327,0.000731,-0.028197,-0.106545,-0.015238,-0.009626,0.04112
0.028562,0.011064,-0.000853,0.015361,0.121522,-0.002646,0.016115,-0.085183
-0.032322,0.030167,-0.003441,0.000297,-0.01677,0.001059,-0.019171,0.037353
0.01322,-0.003144,0.001285,0.003215,-0.024951,0.001877,-0.009187,0.037443
0.072738,-0.050796,-0.002593,0.010764,-0.080009,-0.057384,0.002125,-0.040694
-0.066631,0.021526,0.006219,-0.00978,0.043879,-0.017269,0.023744,0.024942
-0.123262,-0.006605,0.005705,-0.021733,-0.031266,0.011614,-0.000971,-0.059337
0.004171,-0.019948,-0.000221,0.001398,-0.117363,0.015171,0.004071,-0.003446
0.01912,0.016727,-0.002812,0.00467,-0.399586,-0.005826,-0.044425,-0.005414
0.035443,2.8e-05,-0.000322,0.017251,0.334925,0.002222,0.03762,0.046084
0.023095,0.028638,-0.004598,-0.028108,-0.39496,0.012244,-0.030433,-0.120672
0.003474,0.005218,0.001744,-0.017671,0.152771,0.006851,0.015068,0.062408
0.000124,0.003376,0.007666,0.018542,0.135412,-0.00241,0.009902,0.081568
0.032873,-0.015019,-0.00369,0.001201,0.02852,-0.0069,-0.006809,-0.007315
-0.006276,0.013072,0.002417,-0.005595,-0.059572,0.013699,-0.006632,-0.000448
0.036768,-0.073589,0.004698,0.002419,-0.307764,-0.003771,-0.033955,0.052624
-0.086727,0.009353,0.004609,-0.003414,-0.137356,0.009751,0.000526,-0.020142
-0.042307,0.019032,-0.0016,-0.005987,0.01534,0.009366,0.001006,0.01368
0.011641,0.016772,0.001124,-0.007599,-0.069739,0.00485,-0.013817,0.00866
0.03418,-0.015786,-0.001385,0.018189,-0.125146,-0.020236,-0.023111,-0.002844
0.010249,-0.014554,-0.003847,-0.003124,0.629409,0.00065,0.0776,0.029617
0.013901,0.01207,-0.007295,-0.004873,0.462323,-0.017871,0.02615,-0.085802
-0.005286,0.00393,0.000644,0.000538,0.092949,0.030074,0.003224,0.101501
0.004645,-0.003573,-0.000204,0.002554,0.150847,-0.005228,0.019201,0.026964
-0.027406,0.003956,0.002108,-0.007225,0.053842,-0.002485,-0.005389,-0.01291
-0.003763,-0.002125,0.002617,0.003479,-0.226657,0.035257,-0.015506,0.050495
0.00788,0.076947,0.002908,0.002312,0.136047,-0.031961,0.014008,-0.020752
0.075688,-0.054194,0.00142,-0.005331,-0.068546,-0.000504,0.000184,-0.028166
-0.071929,-0.008779,0.006764,0.001526,-0.050476,-0.017308,-0.006752,-0.017626
-0.014922,0.001864,-0.001431,4.3e-05,-0.009408,0.042784,0.001741,-0.018086
0.000597,0.019712,0.000725,0.001508,0.006376,-0.089209,-0.006306,0.028615
-0.007897,-0.014004,-0.000749,0.002106,0.009343,0.006314,0.002921,0.011175
-0.01474,0.018896,-0.000217,0.002466,0.014447,-0.006163,0.001665,-0.079374
0.031102,0.022637,-0.000491,4.4e-05,0.006572,-0.023213,0.019538,-0.005729
0.035497,-0.022211,-0.002952,-0.001785,0.01174,-0.001753,-0.007441,1.5e-05
-0.0643,-0.014381,0.00514,0.000911,0.008344,0.016671,-0.000506,0.013114
0.020723,0.001945,-0.000503,-0.005351,-0.171826,0.006493,-0.012314,0.124742
0.030206,0.005945,0.004473,0.002518,0.006638,-0.016558,0.003155,-0.034795
-0.023185,0.007497,-0.00358,0.001763,0.020442,0.015192,0.000927,0.023264
-0.005853,0.006359,0.001671,-0.000974,-0.019024,-0.010075,0.000965,-0.040891
-0.004227,-0.001927,0.00722,6.2e-05,-0.026559,-0.014416,-0.002725,0.018943
0.006822,0.037891,0.00703,-0.001686,0.002925,-0.03508,5.4e-05,0.012604
0.076924,-0.01624,-0.006406,-0.001587,-0.00413,0.037209,0.012828,0.05013
-0.046258,-0.016972,-0.002948,0.001841,0.001325,-0.002319,-0.008553,0.024547
0.001068,-0.006901,-0.003435,-0.007087,-0.059923,-0.028664,-0.001071,-0.074812
0.019861,0.001743,-0.001471,0.000982,0.155541,-0.009543,0.011126,0.018201
0.008717,-0.001442,-0.003136,0.002645,-0.218877,0.013206,-0.010773,0.028234
-0.058501,-0.003548,0.002561,0.001733,0.218733,0.016861,0.018119,0.048782
-0.021719,0.00306,0.0057,-0.002556,-0.247076,-0.019612,-0.019455,-0.112878
-0.000596,0.070687,-0.000161,0.001378,-0.010121,-0.009464,-0.008352,0.097837
0.007367,-0.100715,-0.001196,-0.005666,-0.024743,-0.010294,0.013014,0.126792
0.008113,-0.048219,-0.001572,-0.000818,-0.013662,0.040451,-0.018957,-0.070394
0.03232,0.011113,0.003129,0.00715,-0.010128,0.011368,0.000643,0.029156
0.001018,-0.011037,-0.001387,-0.000304,0.006561,-0.000903,0.001688,-0.014853
-0.032521,0.020345,0.006491,0.001006,-0.00158,-0.062454,0.017078,-0.069949
-0.011267,0.012996,0.001754,-0.004952,0.00349,0.000993,0.003532,0.000844
0.007321,0.005617,2e-05,0.001446,0.013527,0.013655,0.009871,0.018723
0.013037,0.004759,0.000418,-0.000537,0.005645,-0.011495,0.001925,-0.002133
0.014024,-0.00217,-0.001141,0.003033,0.009849,0.052161,-0.005099,-0.000479
-0.013969,0.001997,0.001305,-0.003318,-0.010766,-0.059877,-0.007876,0.010163
0.004289,0.000261,0.000477,-0.000868,0.009551,-0.027531,-0.003104,-0.024033
-0.009218,0.010071,0.00207,0.003253,-0.233552,0.011262,-0.016145,-0.051859
0.004388,-0.025727,0.000547,-0.000337,0.757726,-0.024499,0.06371,0.016083
0.004942,-0.008979,0.000862,-0.002528,-0.051711,-0.032714,-0.015624,-0.044762
0.001841,-0.000692,-0.001542,-0.002338,0.027725,0.017302,-0.00581,-0.001246
0.00325,-0.001741,-0.002726,-0.004676,-0.029178,0.026137,-0.007773,0.019684
0.001783,0.008849,-0.0047,0.000838,-0.048354,0.035119,-0.029894,0.022133
0.005625,0.011783,-0.001038,0.004511,-0.035693,-0.003099,0.035132,0.047658
0.006976,-0.010113,0.00149,0.006154,-0.019323,-0.062867,0.006989,0.006512
0.054494,-0.013559,0.005521,-0.00337,-0.09969,-0.001914,-0.00594,0.00882
-0.064854,-0.01869,0.003064,-0.001291,-0.00065,0.005192,0.002918,-0.061244
-0.02028,0.014495,0.001894,0.005938,0.117386,0.035269,0.011382,0.003844
-0.001507,0.020482,0.001702,-0.004253,0.009546,-0.002198,0.015654,0.01487
0.053845,-0.006126,-0.004748,0.001173,0.004247,-0.028314,-0.003394,-0.000683
-0.03284,-0.004891,-0.000663,0.006718,0.006036,0.009427,-0.03136,0.023772
0.003632,0.00594,0.000772,-0.001258,0.004538,-0.026576,-0.007725,-0.010232
0.058955,0.006311,-0.001907,-0.002262,0.000885,0.022675,0.028145,-0.012297
0.001619,0.020454,2.4e-05,-0.002923,0.00068,0.048192,0.007725,0.013562
0.014337,-0.0201,0.001485,0.005373,0.003206,-0.03154,-0.001793,0.021028
-0.078574,0.004561,0.00699,-0.000464,-0.020245,-0.085068,-0.009281,-0.002784
-0.020238,-0.006077,-0.001268,-8.7e-05,-0.011566,-0.004019,-0.001419,-0.042941
0.02091,-0.003222,-0.004621,0.015391,-0.003048,0.024591,0.017185,-0.022765
0.009315,-0.001736,0.000246,-0.000477,-6e-05,0.002497,0.003809,-0.024654
-0.003265,-0.016858,0.011521,-0.000342,-0.000804,-0.001286,-0.031441,0.009836
0.042929,0.001765,-0.000517,-0.001867,0.004776,-0.007487,0.007058,0.024508
-0.015211,0.003407,-0.00175,-0.000984,-0.004203,-0.005215,-0.004459,0.00483
0.053025,0.00112,0.004651,-0.002953,-0.005225,-0.002245,0.003754,-0.024371
-0.028656,0.025129,-0.004027,-0.002564,-0.004707,0.00463,-0.006982,0.044592
-0.015344,-0.020083,-0.003765,-0.001008,-0.003509,0.010759,-0.00069,-0.025059
0.000323,-0.011534,0.001987,0.002673,-0.010406,0.017394,-0.004981,-0.014213
0.006401,-0.006749,0.003535,-0.002572,0.005126,-0.027437,0.010609,-0.013188
0.00928,0.003109,-0.002864,0.005138,-0.000789,-0.042668,0.024471,-0.018239
0.003286,0.009648,0.00218,-0.005505,0.001466,0.035576,-0.043458,0.031236
0.004504,0.023131,0.000156,-0.007589,-0.010829,-0.004011,-0.001006,-0.01722
-0.003061,-0.011054,0.005706,0.005756,-0.075036,-0.032514,0.002172,-0.000322
0.000242,-0.015749,0.004167,-0.01655,0.10232,-0.022655,0.006467,0.00177
0.001088,0.001976,0.001383,0.014393,-0.008083,0.015196,0.000549,-0.019749
0.015709,0.008375,-0.003417,-0.006608,-0.026265,0.006741,-0.002463,0.034646
0.00445,-0.006583,-0.000821,0.001541,-0.066792,0.016058,-0.006033,-0.015677
-0.030951,-0.003481,0.001128,-0.00227,-0.030712,0.015259,-0.003615,0.04293
-0.02335,0.002114,-0.003356,0.007845,-0.001785,-0.009088,-0.001368,0.015363
-0.001919,0.002011,-0.003381,-0.006383,0.004581,-0.010415,-0.004061,-0.03091
-0.004875,0.004029,-0.000471,0.00232,-0.003125,0.002469,0.000336,-0.003438
0.007693,-0.003996,-0.000529,0.003429,0.007926,0.011915,0.00716,0.030339
0.00511,0.004369,-0.00176,-0.008618,-0.000618,0.022427,-0.001592,0.018419
0.002673,-0.024221,0.000773,0.002704,-0.003642,-0.012729,0.004727,0.007107
0.004164,-0.014133,-0.000806,-0.008513,-0.111143,-0.031987,-0.013221,-0.008386
-2e-06,0.006921,0.002951,0.006468,0.128651,0.005015,-0.01702,-0.022178
0.022267,0.008477,0.003041,0.003363,0.053625,-0.003447,0.005,-0.01558
-0.002447,0.000667,0.001371,0.000278,-0.258738,0.030212,0.005588,-0.00063
-0.006137,0.006634,-0.012552,0.004314,0.070604,-0.009811,0.000867,-0.054803
-0.016821,0.0075,0.006236,-0.015294,0.001041,-0.028466,0.000432,0.030156
0.003992,-0.025345,-0.006615,-0.006011,-0.04519,0.006841,0.011493,-0.017041
-0.022245,-0.001996,0.001904,0.001741,-0.06666,0.001219,0.001281,-0.018475
0.002019,0.002314,0.002956,0.001192,-0.051503,-0.002074,-0.001906,0.008415
0.008998,0.006309,-0.00259,0.000406,-0.031825,0.011991,-0.002029,0.051835
0.00329,0.002701,-0.002371,0.00184,-0.008712,0.001664,0.004866,0.011233
0.008334,-0.002283,-0.004788,0.00056,0.001923,-0.022826,0.00451,-0.031908
0.006474,0.004889,-0.002621,0.001728,-0.001368,0.037803,0.000377,0.117103
0.002869,-0.003607,0.001843,0.001104,0.013309,-0.025154,-0.006127,0.020547
-0.010616,-0.000814,0.003711,0.000644,0.017863,-0.009289,-0.00298,-0.011112
-0.019371,-0.003511,0.004058,-0.009941,0.01925,-0.000759,0.003261,0.000177
-0.000674,0.005921,-0.006189,0.022855,0.002075,0.002943,0.001252,0.045303
0.02232,-0.003788,0.000494,0.000921,-0.002052,0.02243,-0.002582,0.016676
0.052376,-0.010838,0.002426,-0.004137,0.005193,0.016172,0.0012,-0.008718
-0.05897,0.006725,-0.001942,-0.011227,0.004614,0.015883,0.000377,0.010599
-0.017276,-7e-05,-0.003629,0.005381,-0.012317,-0.029009,-0.004911,-0.011201
0.006094,-0.003457,-0.003163,0.005548,0.069527,0.000983,0.007693,0.018678
0.010673,0.001843,0.002044,-0.012555,-0.081424,0.030686,-0.005784,-0.03355
0.009445,0.003459,0.00285,0.007341,-0.011784,0.016142,-0.008297,-0.023822
-0.003609,0.013904,0.004291,0.001538,-0.001737,0.005786,0.003649,0.005766
0.020414,-0.003822,-0.004028,0.000969,-0.004438,-0.005826,-0.00254,-0.026839
-0.002178,-0.021778,0.000416,0.002477,0.001963,0.006517,-0.011531,0.037378
-0.015164,0.025174,-0.000143,-0.003826,0.001807,-0.012839,0.002944,-0.024391
-0.010117,-0.019065,0.000422,0.003523,-0.001767,-0.010485,0.001396,0.026707
-0.000811,-0.014145,0.001781,0.00031,-0.003526,0.00572,-0.000607,-0.022225
0.00569,0.000483,-0.002579,0.001766,-0.000379,-0.001133,-0.000358,0.053276
0.008731,-0.000577,0.004219,-0.000989,-0.006347,-0.012363,-0.001369,-0.001562
0.01473,0.003389,-0.000449,0.003676,0.001562,0.013424,-0.004457,0.023032
-0.004412,0.005509,0.001153,0.000433,-0.004475,-0.026816,-0.00858,-0.014972
-0.014998,0.02421,-0.001109,-0.001595,-0.010743,-0.004408,0.002108,0.054218
0.001851,0.04167,0.001629,0.001871,-0.010825,-0.006342,-0.006668,0.044363
-0.01569,-0.057721,0.002126,0.003056,0.010179,0.008883,0.005039,-0.053171
0.006039,0.003067,0.000998,0.000159,-0.001317,0.015205,-0.006696,0.015583
0.001399,0.010354,0.000344,-0.005383,0.006717,0.005648,0.009166,0.035543
0.004338,0.008155,-0.006017,0.001087,0.002025,-0.008113,-0.007884,-0.061401
0.002426,0.004639,-0.001157,0.002475,-0.00816,0.000843,-0.004053,0.061229
0.004535,-0.000325,-0.000395,0.001954,0.005963,0.001624,0.005082,0.012903
0.079479,-0.002851,0.001455,-0.004702,0.002483,0.006554,0.001635,0.002067
-0.049721,-0.000797,0.003182,-0.00838,0.007713,-0.002763,-0.00036,-0.001074
-0.03099,-0.001854,0.002901,0.004306,-0.02207,-0.001868,-0.01029,0.016008
0.040378,-0.00043,-0.003822,0.002457,-0.058061,0.002751,-0.010332,0.015203
0.014786,3.5e-05,-0.000455,0.000791,0.146393,0.02757,0.011007,0.016603
-0.038805,-0.000889,0.001661,0.000704,0.011599,0.002132,0.003179,0.007371
-0.012907,-0.002483,-0.00525,-0.003724,-0.00229,0.004416,0.001622,-0.050944
-0.006649,-0.00253,-0.001369,-0.010536,-0.00924,-0.005449,-0.001195,-0.006436
0.007164,0.001074,0.000519,0.020362,-0.000451,0.005105,0.002127,-0.015043
0.012387,0.000723,0.000167,0.006697,-0.001622,0.008159,-0.006684,0.009939
0.005415,-0.002611,0.001944,-0.000548,-0.005843,0.00461,0.000219,0.008811
0.009612,0.01689,0.003431,0.0082,-0.072045,-0.007401,-0.005588,-0.030366
0.005169,-0.011631,-0.003702,-0.005941,0.061637,-0.000834,0.016785,-0.050432
-0.01338,-0.018613,-0.002652,-0.003321,0.10574,0.003528,0.0081,0.002879
-0.004822,0.000607,0.000866,0.010531,0.038969,-0.005059,-0.004274,0.003444
-0.003019,0.009847,-0.000966,-0.006356,0.00613,0.003328,0.019766,-0.023879
0.002292,-0.005483,-0.003336,-0.003675,-0.016302,0.015985,-0.029284,0.02895
-0.002694,-0.008532,-0.001945,0.019535,-0.012188,-0.001118,-0.013414,0.004443
-0.004613,-0.006944,-0.000965,0.001487,-0.006529,0.005778,0.004264,-0.011471
0.023466,0.004849,0.004703,-0.001707,-0.005209,-0.008331,0.002787,0.039453
-0.015289,0.004609,0.002191,-0.00211,0.00165,-0.00462,0.00302,-0.034997
-0.000496,0.000546,6.3e-05,-0.016812,0.001798,-0.011982,-0.003021,0.054868
0.002555,0.000482,0.00455,0.003646,0.028382,0.004883,0.009706,-0.042388
-0.001769,-0.001344,-0.003572,-0.0097,0.005415,0.000833,-0.003155,0.019845
-0.011917,0.00114,-0.001042,-0.003479,0.003399,0.001856,0.001139,0.025466
0.005477,-0.000248,0.00181,0.017733,-0.003556,-0.000505,-0.005224,-0.057775
0.011,-0.006631,-0.00388,0.003858,0.012802,-0.003038,0.000828,0.068058
-0.000528,0.003279,-0.002502,-0.015023,-0.099428,-0.000404,-0.008591,-0.009202
0.002403,0.001982,-0.005005,-0.001742,0.220463,0.00367,0.021525,0.028094
0.007572,-0.011665,0.00169,-0.01048,0.009397,0.004251,-0.00138,-0.021588
-0.014879,0.022261,-0.007037,-0.002692,0.009141,-0.003331,0.00847,-0.008136
0.001259,0.005941,0.002297,0.003789,-0.008491,0.002613,0.018178,-0.042321
0.013923,-0.042921,0.003049,0.006528,-0.000575,-0.006952,-0.013652,0.024147
-0.013582,-0.000324,0.002423,-0.002977,0.000582,-0.003189,-0.038978,-0.039897
-0.00403,0.009991,0.00363,-0.013423,0.006984,0.002009,0.006431,0.080079
0.005506,0.006466,-0.00329,0.01927,-0.072729,-0.01184,-0.001231,-0.11319
0.000513,0.004759,-0.006881,-0.025187,0.077898,0.0061,0.007966,0.017394
0.004723,0.004094,-0.005525,-0.014422,0.125468,0.008015,0.016562,0.011677
-0.006103,-0.000481,0.001365,0.010031,-0.061177,0.0109,-0.005834,0.007532
0.005981,-0.002904,0.000346,-0.009073,-0.015746,0.011693,-0.005104,-0.011776
0.00145,-0.008475,0.001084,0.001672,-0.223846,-0.030033,-0.016654,-0.019641
0.02073,0.006032,0.009194,-0.007091,0.058295,-0.004737,0.001879,0.013422
-0.018916,0.001601,7.4e-05,0.001096,-0.004588,0.000265,-0.001287,-0.054617
-0.002289,-6e-06,-0.0031,0.00188,-0.017889,-0.000751,0.002683,-0.038408
-0.001573,-0.004401,-0.00303,-0.0072,-0.163241,0.008346,-0.032223,0.008641
-0.005612,0.002631,0.000156,0.010891,0.036499,0.000715,0.018403,-0.010311
-0.010513,0.01503,0.001947,0.026406,0.143833,0.005855,0.014275,-0.002068
-0.002052,0.007028,-0.005775,-0.05259,-0.111682,-0.007806,-0.022276,0.041863
0.005926,-0.009836,-0.001548,0.003742,-0.01069,-0.001764,0.041668,-0.10199
0.004725,0.003226,0.001981,0.000256,-0.019505,0.011744,-0.018281,-0.021393
0.002824,-0.005272,0.001036,0.003765,0.010582,-0.002107,-0.030512,-0.031482
0.007489,-0.032809,-0.00137,0.001643,0.019113,-0.001789,0.002753,0.017471
0.006191,0.00177,0.001304,-0.008041,-0.146174,-0.004665,-0.014267,-0.006218
-0.01214,-0.000233,0.00157,0.021343,0.234243,0.005674,0.020387,-0.014576
0.003188,0.004233,-0.00517,-0.002543,0.05068,0.001975,-0.004863,0.019273
-0.017591,0.005476,-0.000443,0.002692,-0.094519,-0.005815,-0.00609,-0.03244
-0.015076,0.002907,0.0006,0.000833,0.070425,0.013805,0.020545,-0.001246
0.000504,-0.010241,0.001552,-0.000596,-0.25256,0.007278,0.005063,0.032501
0.011029,-0.008405,-0.00253,-0.008332,0.026674,0.009582,0.001039,-0.019479
0.005978,-0.001902,-0.00173,0.004776,0.372521,-0.02509,0.030982,0.042996
0.004777,0.003031,0.00017,0.007127,-0.14091,-0.005017,-0.011756,-0.037589
0.004598,0.006445,-0.001166,-0.003832,-0.050329,0.00248,-0.006026,-0.01913
0.001362,0.011036,-0.00491,0.000528,0.001856,0.004804,0.014556,-0.018462
-0.001307,-0.015469,0.002079,-0.004018,0.236137,0.009322,0.014064,-0.030549
-0.000346,-0.030741,-0.000645,0.005026,-0.129095,0.004874,-0.020035,-0.002729
0.005354,0.000524,-0.000272,-0.01659,0.070088,-0.002229,0.011942,0.00909
-0.008442,0.074355,0.004122,0.006066,0.073796,0.000361,-0.019105,-0.010095
-0.000522,-0.010127,-0.001619,0.00782,-0.054069,-0.000134,0.014759,0.015674
0.004121,0.00964,-0.005901,0.000472,0.098898,-0.001218,0.000462,-0.016013
0.000352,-0.004657,-0.005605,0.001178,-0.20348,-0.008496,-0.010178,0.033748
-0.020482,-0.002393,-0.005542,-0.002322,0.457996,0.011574,0.035156,0.028575
-0.000469,0.002561,-0.000838,-0.006092,-0.228412,0.004047,0.008285,-0.058658
0.015103,-0.0009,0.007747,0.000172,-0.09408,0.003237,-0.015108,0.053407
0.00844,0.005141,-0.002742,-0.003387,0.019621,0.009403,0.015503,-0.007774
-0.007307,0.004714,-0.003256,0.011472,-0.173212,0.009475,-0.01431,0.053667
-0.024828,-0.004624,0.001824,0.001693,0.216057,-0.001554,0.012111,-0.064675
0.003964,0.001613,0.00252,-0.004949,-0.022316,0.005858,-0.007221,-0.062219
0.004334,0.006583,-0.001502,-0.005674,0.033433,0.001176,0.004763,0.052543
0.005956,-0.020417,0.003128,0.007854,0.078685,0.00659,0.007517,-0.001996
0.000329,0.007598,0.002766,0.004303,0.019899,0.000187,-0.026837,0.016189
0.001046,0.004719,-0.007907,-0.001499,-0.194594,0.002019,-0.021537,-0.03087
-0.001422,-0.002509,-0.005808,0.001464,0.293941,-0.008768,0.029016,0.025747
0.008491,0.004252,-0.000565,-0.001213,-0.369939,0.003892,-0.013403,-0.11385
-0.000385,0.003885,-0.002355,0.001875,0.07431,-0.001831,0.020961,0.012617
-0.011454,0.009874,0.000829,-0.000585,-0.124811,-0.001346,-0.008845,-0.00517
0.001007,-0.010046,0.002618,-0.004689,-0.011103,0.003586,-0.007748,-0.02955
-0.001562,-0.016247,0.005204,0.003109,-0.040619,-0.00253,-0.014019,0.008619
0.004012,-0.002205,0.001527,0.001144,-0.00969,-0.019936,0.03228,-0.000265
0.020761,0.004027,0.000582,-0.002172,-0.007386,0.011077,-0.033674,0.019106
-0.009417,0.00594,-0.00355,0.003169,-0.069052,0.011141,0.009217,-0.001444
-0.00855,0.001724,0.000931,-0.020767,0.091172,0.003771,0.000932,-0.002066
0.001206,0.003354,-0.000802,0.002177,-0.116621,0.005268,-0.009591,0.045422
0.001488,0.002617,-0.002676,0.006487,0.099959,-0.016175,0.004864,0.023908
0.005437,0.024646,0.002063,-0.002966,-0.010886,-0.003854,0.01009,0.043824
-0.001283,-0.010607,0.006291,0.001801,-0.025333,0.007688,-0.005141,-0.013681
0.001599,-0.014728,0.002946,-0.002616,-0.01657,-0.002519,-0.000612,0.012525
-0.00314,0.001988,-0.008124,-0,0.060261,-0.000133,-0.0042,0.031374
-0.000968,-0.00862,0.001103,-0.0012,0.040522,0.000411,0.01645,-0.077999
0.001362,0.008015,0.007061,0.001539,0.028715,0.003895,-0.036663,-0.007048
0.021126,-0.003249,0.001707,-0.001002,-0.02448,0.006214,-0.001582,0.019741
0.005627,-0.005383,-0.001463,-0.000484,-0.005177,0.004279,0.006734,-0.011951
-0.012844,-0.00766,-0.000411,0.002365,-0.010917,-0.006449,0.026631,-9.8e-05
-0.010547,0.009989,-0.001888,0.006014,-0.006904,-0.008107,0.007328,0.025266
-0.021708,0.027893,0.00136,-0.006619,0.007942,-0.008254,-0.014306,-0.067458
0.000352,-0.014755,0.00314,0.000816,-0.002359,0.017011,-0.01864,0.02095
0.011121,-0.028046,0.00015,0.001295,0.004918,0.00107,0.022623,0.00677
0.003588,0.000107,-0.002209,-0.002527,0.002871,0.007031,0.00733,0.012535
0.000594,0.010533,-0.000459,-0.000257,0.003446,-0.002411,0.004216,-0.001817
0.002357,0.008276,-0.002605,0.001404,0.006585,0.001415,0.021631,-0.004061
0.004159,0.015,-0.000426,-0.0001,-0.014325,-0.00255,0.022103,0.001093
0.015525,-0.002418,-0.003741,0.003988,-0.13336,0.000382,-0.009153,-0.056457
-0.01294,-0.008683,-0.004029,-0.003543,0.008948,0.002789,-0.002939,-0.00939
-0.005485,-0.013365,-0.002449,-0.017759,-0.013797,-0.007258,-0.006839,-0.009177
-0.001033,0.000716,0.000383,0.01037,0.00463,-0.002365,-0.019282,-0.001348
0.001217,0.001928,0.004312,-0.002721,0.002724,0.005169,0.004569,-0.002275
0.004283,-0.004062,0.005639,0.008698,0.001347,0.007879,0.03334,0.021852
0.001137,-0.003815,0.001674,0.003427,0.005211,-0.002574,-0.014848,-0.033511
-0.002127,4.6e-05,0.000173,-0.00042,-0.001835,0.009552,-0.005479,-0.071767
0.002762,0.000191,-0.002848,-0.003225,0.004314,0.010698,0.001885,0.046721
0.001687,-0.000977,0.00195,-0.004029,-0.006883,0.001009,0.040425,-0.012142
-0.001792,0.004997,-0.000465,0.005413,-0.007732,-0.004225,-0.022953,-0.017494
0.000142,0.002037,-0.003823,0.00166,-0.007318,0.001459,-0.01406,0.003976
0.008196,0.002867,0.000935,-0.005807,0.00535,-0.001004,-0.004223,0.00259
-0.015433,-0.003923,-0.000715,0.001589,0.002009,-0.001204,0.004854,0.005839
-0.015643,0.001101,0.001002,0.010009,0.010632,-0.004216,0.001449,0.003003
-0.00203,0.001035,0.001935,-7.2e-05,0.001941,0.00738,0.01635,-0.012809
0.010597,-0.007104,-0.002807,-0.012267,-0.002112,-0.002177,0.005471,0.023065
0.002528,0.014435,3.6e-05,-0.003397,-0.007049,0.002495,0.007354,-0.018952
-0.010982,-0.006546,0.000767,-0.000828,-0.007065,0.005144,0.013357,0.006566
0.016543,-0.026864,-0.002682,-0.005635,0.006637,-0.001607,-0.021209,0.015737
0.023024,0.002585,-0.001527,-0.00504,0.00766,-0.000548,0.014893,0.027821
-0.008221,0.008,-0.002494,0.007269,0.004603,-0.005549,-0.015448,-0.042021
-0.034578,0.012866,0.003746,0.004454,-0.000452,-0.00614,-0.002006,-0.02026
0.000768,0.007359,-0.001789,-0.000611,-0.003166,0.000474,0.00011,0.013856
0.008908,-0.014311,-0.000784,-0.001177,-0.003818,0.00868,-0.00129,-0.003586
-0.005562,0.002426,-0.001333,0.002386,-0.002423,0.002212,-0.034333,0.00522
-0.001264,0.003928,0.00458,0.002108,0.001162,0.001242,-0.002277,-0.008403
-0.003017,0.000181,0.00076,-0.00372,0.000402,-0.001488,0.00478,-0.001986
-0.003493,-0.003285,-0.001398,-0.005263,0.003597,-0.004137,0.013102,0.01974
0.013144,0.001456,-0.000624,-0.015593,0.004841,0.00075,0.00806,-0.022085
-0.009332,-0.005785,-0.00501,0.003581,0.003481,-0.002956,0.016934,0.038352
-0.011832,0.00951,0.001653,0.001254,-0.004189,0.00253,0.013493,-0.01409
-0.003677,-0.007928,-0.001945,0.003157,-0.008717,0.006705,-0.052134,0.046754
0.000147,0.00244,-0.000147,-0.005788,0.004327,9.1e-05,-0.014185,0.011461
0.003825,0.00037,8.4e-05,0.00358,-0.001079,0.005225,0.005025,-0.003745
0.001678,-0.002055,-0.000441,0.005008,0.004581,-0.003963,0.009502,-0.0165
-0.007577,-0.013704,0.000177,0.004758,-0.003853,0.003834,0.006118,0.002028
0.004092,0.008685,-0.003807,-0.010041,3.4e-05,-0.00229,0.005076,-0.001369
0.005086,0.004639,0.006717,-0.002467,-0.022669,0.000429,0.001266,-0.005678
-0.00026,0.003689,0.002416,0.0043,0.000468,0.000839,0.000241,0.011814
-0.004107,-0.000448,0.000304,-0.008875,-0.000744,0.001687,-0.001697,-0.01178
0.001868,0.035007,-0.002074,0.005313,0.000163,-0.00116,0.021817,0.016833
0.014912,-0.02803,-0.005005,-0.006963,-0.001827,-0.00632,-0.014475,-0.034258
-0.009425,-0.002453,-0.00235,0.007419,0.000518,-0.00493,-0.046188,0.007811
-0.018827,0.012774,-0.002707,7.5e-05,0.004119,-0.004239,0.002788,0.002355
-0.001794,0.001939,-0.002699,-0.001843,0.009038,-0.001302,0.001986,-0.039793
0.003466,0.005483,0.000988,-0.012207,0.001431,0.007618,0.010019,-0.025426
0.005383,-0.000954,-0.001684,0.003215,0.002764,0.008192,0.003638,0.010817
0.006,0.002851,0.002312,0.007305,-0.006424,-0.000566,0.000693,0.025996
-0.012325,-0.001486,0.002554,-0.000617,-0.012066,-0.006175,-0.01617,-0.065033
0.014875,-0.003628,-0.007441,0.009303,0.012302,0.00181,-0.001564,-0.001904
0.005431,-0.000134,0.003462,-0.008647,0.00229,-0.003906,0.000461,0.001356
-0.009594,0.0025,0.000305,-0.002394,0.000468,-0.004534,-0.007514,0.003337
-0.004571,0.000457,0.001294,0.00264,0.002681,-0.002223,0.03259,-0.027087
-0.007028,0.002647,-0.002193,-0.000275,-0.004626,0.00759,0.028589,0.009908
-0.001028,-0.006721,0.003449,0.002995,0.000617,0.001104,-0.040495,0.000135
-0.002364,-0.002694,0.001197,0.003266,0.000614,0.001368,-0.000378,-0
-0.001121,-7.9e-05,-0.002387,-0.008577,0.000923,-0.002659,-0.002273,-0.002315
0.002193,-0.005643,0.00215,0.002233,0.000545,-0.001782,0.002331,-0.003477
0.006066,0.000518,0.002108,0.002916,0.002502,-0.000618,-0.003417,0.00194
-0.001875,0.000835,0.003594,-0.005093,-8.8e-05,-0.001862,-0.0063,-0.001469
0.000495,0.001305,-0.002588,-0.004596,-0.002165,0.000992,0.017602,0.016367
-0.004311,-0.000493,0.000262,-0.008976,-0.003017,0.001108,-0.007711,-0.018305
-0.000635,-0.002784,-0.002406,0.01141,0.005784,0.000942,-0.004303,0.020756
0.005129,0.001201,-0.005531,0.006048,0.008609,-0.001383,0.009639,-0.041019
-0.000357,0.002167,-0.000137,0.001287,-0.004797,0.000611,0.006083,-0.009682
0.003418,-0.001498,-0.003875,-0.004174,0.003867,0.000555,0.000126,-0.063099
0.000818,0.000608,0.004085,-0.002784,-0.00236,0.010531,-4.5e-05,0.008066
-0.002538,0.00081,0.004082,0.004629,-0.005902,0.001729,-0.000155,0.008341
-0.000397,0.006768,-0.001336,0.006005,0.009385,0.00135,0.005437,0.003584
-0.001184,-0.012912,0.000949,0.006211,0.001395,-0.000309,-0.002317,-0.00106
0.024819,-0.008906,-0.001142,-0.002785,0.003121,-0.001421,0.003007,-0.001471
-0.004259,-0.000547,0.003948,0.003821,0.002516,0.002041,-0.003156,0.000798
-0.015988,0.003175,0.001677,-0.007484,0.008274,0.00142,0.011029,0.000529
-0.006096,-0.00165,2.3e-05,0.00096,-0.003038,-0.002138,-0.004067,0.002107
-0.00554,0.005261,-0.000788,-0.005496,0.002648,0.002667,-0.010048,-0.002428
0.007441,-0.000845,-0.006032,0.010265,0.000992,-0.002532,0.000179,-0.000712
-0.000392,-0.003328,-0.003779,-0.003452,-0.005458,-0.002994,0.000724,-0.002635
0.002179,0.003087,-0.004378,-0.008933,-9.4e-05,-0.000581,0.003005,-0.001982
0.000887,-0.005017,0.002494,0.004399,-0.003915,-0.000156,0.000238,0.00178
-0.012925,0.011834,-0.001359,0.002559,-0.002234,0.005585,7.1e-05,0.002249
0.025041,-0.014168,-0.002867,-0.002701,-0.001895,-0.000773,0.002614,-0.002212
0.003767,-0.019059,-0.003972,-0.002724,0.000456,0.001286,0.01177,-0.000216
-0.00124,-0.003041,0.003814,-0.006171,-0.000682,-0.00146,-0.016971,-0.002168
-0.010044,0.002695,-0.002824,0.005711,-0.003395,0.001265,-0.010726,0.001074
-0.003195,0.007281,0.005128,-0.000111,-0.000586,1.1e-05,0.001386,0.000643
0.00135,0.001657,-0.008144,0.005478,-0.00076,-0.003003,0.003759,-0.000703
-0.001777,0.004103,0.000606,-0.010831,0.002047,0.00218,0.005534,0.000135
-0.000181,0.001714,-0.001989,0.011591,0.002249,0.001898,0.009205,-0.000852
-0.000413,-0.002603,-0.002952,-0.005332,-0.004505,-0.001501,-0.000696,-0.006305
0.003551,-0.001982,0.002552,-0.006659,-0.004101,-0.001735,-0.007157,-0.00147
-0.005744,0.000166,0.006389,-0.002988,-0.001641,-0.001476,-0.002118,-0.000686
0.004321,0.002111,-0.001424,-0.000732,0.000387,0.001908,-0.003325,0.002774
-0.000843,0.004122,-0.003296,-0.00918,0.00229,-0.001123,0.007597,0.003129
-0.001491,0.009923,0.001344,0.007444,0.006229,0.000323,0.004685,-0.000933
-0.000455,0.004444,0.005352,0.01181,-0.002426,-0.004005,-0.010363,-0.000291
0.000233,-0.012571,-0.00364,-0.009049,-0.004488,-0.001561,-0.000113,-0.003211
-0.006919,-0.007063,-0.002272,0.008188,0.002138,-0.001255,0.027295,0.004232
0.000401,0.003651,-1.9e-05,-0.002176,-0.002026,0.003676,-0.009996,0.005773
-0.002806,0.00215,-0.001652,-0.00215,-0.002606,-0.001338,-0.019775,0.004083
0.001973,0.005711,-0.000546,-0.002202,0.004317,-0.001694,0.010499,0.01055
0.002785,0.004846,-0.000574,-0.000328,0.001644,-0.001333,0.005711,-0.000519
0.002364,-0.000369,0.002658,-0.005864,0.002306,0.004144,0.022378,-0.003197
0.012141,-0.001298,-0.003549,0.005552,-0.003247,0.000879,-0.021921,0.002095
0.007359,-0.000303,0.001683,0.003625,-0.007462,-0.00139,-0.01933,0.005045
-0.019261,-0.002405,0.002007,0.006819,-0.006091,-0.003889,-0.034541,-0.001811
-0.025204,-0.001667,0.000735,0.003213,0.015525,-0.002625,0.031648,0.00801
0.002293,-0.002556,-0.006363,-0.00712,-0.000694,-0.002265,0.017594,0.023441
0.007369,0.000886,0.00181,0.011257,-0.003246,0.002451,0.005953,0.008814
0.007657,0.002671,-0.001857,0.006264,-0.00138,-0.00011,-0.002652,-7.7e-05
0.012728,0.001871,0.004858,0.001883,-0.001307,-0.001346,-0.001314,0.001477
0.003167,-0.003972,-0.005698,-0.002873,-0.000428,0.000734,-0.005189,0.001749
4.6e-05,-0.005297,0.000712,-0.009121,0.002122,0.00146,-0.001802,-0.000485
-0.005923,-0.000914,0.002182,0.008998,0.001544,-0.002475,-0.007775,-0.001643
-0.003155,0.002553,0.007485,-0.007648,-0.000386,0.000706,-0.003899,-0.001365
0.001759,2.2e-05,-0.005707,-0.01155,-0.002331,0.000102,-0.004929,0.004837
-6.9e-05,-0.000804,-0.000122,-0.001147,-0.000158,-0.001858,-0.001436,0.002067
0.000933,0.001092,-0.001658,-0.010863,0.003423,0.00321,0.00586,-0.00152
-0.002677,0.000724,-0.005287,0.002276,-0.003688,0.000299,0.009178,-0.001479
-0.002771,-0.002345,-0.001164,-0.003445,0.001344,0.004254,0.00567,0.002896
-0.001173,-0.0055,-0.00026,-0.007999,0.001061,0.001346,-0.010255,-0.001443
-0.003084,0.001529,-0.00942,-0.017578,-0.001575,-0.002105,-0.006245,-0.001218
0.006698,0.002378,-0.001465,0.007149,-0.005774,-0.003998,-0.010791,-0.001039
0.003136,0.004146,0.001621,0.014724,-0.002615,0.001024,0.016712,0.001881
0.001236,-0.000415,0.003593,0.007867,-0.000691,-0.000445,0.001658,-0.000437
-0.000348,-0.003837,0.000495,-0.020676,0.001884,0.000177,0.023191,0.002072
-0.001856,0.002909,0.002884,0.021697,-0.000171,-0.000871,-0.027217,0.000936
0.004189,-0.000751,0.001981,0.017351,0.003203,0.001857,-0.005869,0.001066
-0.002276,-0.00126,-0.004706,-0.005156,0.001363,0.00078,0.008098,0.004057
0.001581,0.006579,-0.00562,0.009236,4.8e-05,0.005689,-0.00062,0.00018
0.001514,-0.002205,-0.002081,0.003716,-0.002336,-0.003294,-0.002843,-0.004286
-0.003724,-0.00296,0.000252,-0.000733,-0.000516,-0.001078,0.000335,6e-05
0.003473,-0.001504,0.001116,-0.010155,0.001298,0.000694,0.002819,-0.001584
0.0072,0.001789,-0.000298,0.008077,-0.000333,0.002553,-0.001795,0.003011
-0.01048,-0.00497,0.003823,0.006274,-0.002478,-0.000946,0.000595,0.003561
-0.006992,-0.001008,-0.000736,-0.022531,0.000444,-0.001227,-0.002367,0.000253
-0.000533,0.003097,-0.003129,0.038173,-0.00239,-0.001526,0.004796,-0.00073
0.003064,0.001727,-0.000771,0.02061,0.000308,5.8e-05,-0.012822,-0.004103
0.002726,0.000744,-0.004621,0.006645,0.002239,0.001426,0.001393,-5e-06
0.004069,-0.00198,-0.004523,0.034528,0.003499,-0.001594,0.002298,0.003877
-0.000868,0.000534,0.007271,-0.060782,-0.000558,0.003956,0.00075,-0.001411
-0.005542,-0.003499,-0.001591,0.030234,-0.001198,-0.001624,-0.001001,0.001541
0.002118,0.001236,0.005774,0.013136,-0.002252,-5.1e-05,0.001379,-0.001106
0.00067,0.002131,0.016028,0.018159,0.002746,-0.00077,-0.002958,0.002843
0.000556,0.004809,-0.009104,-0.010518,-0.000837,0.001024,0.001382,-3.1e-05
-0.000141,-0.001758,-0.019894,-0.005099,-0.002108,-0.005634,-0.003744,0.001263
-0.001374,-0.001301,0.00868,-0.00141,0.00017,-0.000899,-0.000267,-0.000749
-0.000332,0.001333,0.001436,-0.012193,0.002691,0.001714,-0.000785,-0.001207
0.001453,0.000139,0.010261,0.026805,0.001955,0.002408,0.000394,0.004965
-0.000495,0.000929,0.011823,-0.014102,-0.001504,0.001518,0.001482,0.001369
-0.001108,0.001151,0.002682,-0.017837,0.002951,0.002671,0.003241,-0.000773
0.001424,0.00054,-0.007139,-0.027264,0.000757,0.000828,-0.001968,0.001711
-0.003745,-0.002294,-0.022305,0.010549,0.002053,0.002207,0.002422,-0.00028
0.002072,-0.000919,0.044958,-0.008838,-0.00132,0.000432,-0.000874,0.001583
0.001983,0.002017,-0.003305,0.016016,-6.8e-05,0.000496,-0.007477,0.00404
0.001422,0.000646,-0.012996,0.012388,-0.004837,-7.7e-05,-0.000878,-0.001929
-0.003848,0.002783,-0.018368,-0.010649,-0.001795,-0.000643,0.000892,-0.003843
-0.000957,-0.001674,0.008282,-0.024863,0.001892,0.002015,0.004747,-0.001108
-0.002366,0.0001,0.009349,-0.008564,0.001168,-0.001652,0.00027,0.001084
-0.002814,0.002842,-0.006571,0.022958,-0.001358,-0.000654,-0.004293,-0.001488
-0.000508,0.000472,0.011685,-0.002464,0.001328,0.002578,0.001838,0.003955
0.003669,-0.00059,-0.003594,0.006028,0.003608,0.001397,0.0016,0.002065
0.002104,-0.000736,-0.021998,-0.000623,0.003338,-0.003574,-0.002504,-0.003919
0.001034,0.000191,0.006715,0.001662,-0.003089,-0.001037,-0.000763,-0.001572
-0.000227,0.001497,0.02794,-0.000151,-0.000771,-0.003648,-0.001648,0.002633
-0.001674,0.001077,0.009339,0.008669,0.007286,-0.000811,0.006221,-3.3e-05
0.001385,-0.001644,0.002793,-0.00912,-0.005781,-0.001904,0.000306,-0.001971
0.002158,0.001946,-0.00657,-0.025501,-0.00141,0.002021,0.000767,-0.000711
-0.00216,-0.002705,-0.008119,0.037993,0.00123,-0.001339,0.001725,-0.002656
0.000257,-0.002706,-0.001444,-0.017038,0.001092,0.001907,0.001761,0.002222
-0.000829,-0.000465,-0.026001,-0.002748,0.000765,0.006304,-0.001718,0.000204
0.004346,-0.002021,0.043953,-0.004397,-0.000646,-0.001362,-0.000822,-0.000652
0.002944,0.001996,-0.022407,0.001737,-0.000821,-0.003064,0.002518,0.001524
0.000888,0.000604,-0.031054,-0.023152,0.000369,7e-06,0.001085,-0.001734
8e-05,-0.006793,0.026283,0.022333,0.001473,0.002831,0.002241,0.005682
0.001174,0.001692,-0.010771,-0.010365,0.011853,0.00034,0.001693,0.0019
0.001145,-0.000181,-0.003016,0.017495,-0.022464,-0.008107,-0.002285,-0.000505
-0.004479,-0.004338,0.012627,-0.000527,0.035894,-0.004442,0.005474,-0.002627
-0.000494,0.001544,-0.037259,-0.022416,-0.000933,-0.000257,-0.000471,-0.003166
-0.005757,0.00596,0.007626,0.021068,-0.027983,0.002091,-0.002679,0.000321
-0.004081,-0.004166,0.024368,-0.015815,0.002155,0.000407,-0.003235,0.004346
0.001497,0.000735,0.011098,0.004644,0.001623,0.003341,0.003087,-0.001763
0.007352,0.000774,0.01506,0.025605,0.001299,0.006654,-0.001061,-0.000591
0.000503,-0.000264,0.004369,-6e-05,-0.008739,-0.01699,0.002518,-0.000218
0.003686,-0.002153,0.008476,-0.000849,0.009243,0.003683,0.001121,-0.000133
-0.002036,-0.002821,0.033047,0.006626,0.005513,-0.001272,-0.000844,-0.001074
-0.003822,0.000534,-0.060532,-0.006026,-0.000566,-0.004077,-0.00044,0.000527
-0.000315,-0.001503,0.015225,-0.000339,-0.007977,0.000326,-0.005814,0.001491
0.001565,-0.000338,0.020422,0.000538,0.012632,0.002277,0.004139,-0.001488
0.000564,-0.001856,0.014115,-0.006475,-0.001946,0.003168,0.003728,0.00123
-0.001209,0.002022,-0.012758,0.019974,-0.01389,0.002082,0.001356,-1.1e-05
0.000991,-0.001536,0.002955,0.016415,0.001704,-0.001541,-8e-06,0.000629
-0.003122,0.003296,-0.031669,0.000639,-0.045901,-0.001827,-0.002151,-0.001921
0.000596,0.002977,0.001049,-0.022335,-0.014555,0.002932,-0.004381,-0.000354
0.003752,-0.000826,0.028978,0.010781,0.000563,0.001088,-0.004021,0.001127
0.000556,-0.002865,0.026783,-0.006529,-9.3e-05,0.001428,2.1e-05,0.000168
-0.006319,-0.00248,-0.034763,-0.038871,-0.000154,3.3e-05,0.002087,0.002611
0.002044,0.002945,0.011015,0.057078,0.003607,-0.00446,-0.000252,0.001073
-0.001276,-0.002924,-0.023814,0.027048,-0.028664,-0.022171,-0.002304,0.00164
0.001169,0.002819,0.021165,-0.012005,-0.022032,-0.010787,0.001451,0.000539
-0.000565,0.001329,0.018063,-0.04374,0.008779,-0.021078,0.004694,0.000158
0.000138,-0.004078,-0.003414,0.008317,-0.027701,-0.002712,-0.003906,-0.004611
-0.001913,0.002903,0.012239,0.005632,0.011761,-0.008244,-0.001008,-0.006465
-0.003053,0.000407,-0.018248,-0.000657,-0.033464,0.000867,-0.004778,0.001197
0.001567,-0.001459,0.014935,0.009613,-0.057663,-0.002361,-0.006643,0.000639
0.000492,0.002773,-0.026812,-0.02993,-0.019851,0.004311,-0.000945,0.002059
-0.001034,-0.001826,0.022457,-0.013959,0.125604,0.007594,0.00837,0.005017
-0.001289,0.003893,-0.003132,0.017655,-0.021426,-0.014741,-0.003787,0.000348
-0.000948,-0.000736,0.014896,0.007602,0.01971,0.005329,-0.001578,-0.001267
0.000531,-0.002386,-0.026621,0.002351,-0.082452,-0.066557,-0.004251,-0.004304
-4e-05,-0.002858,-0.000154,-0.014083,0.0131,0.218717,0.001331,0.02006
-0.001861,-0.000373,0.008468,-0.007932,0.055107,-0.00134,0.004917,-0.003225
-0.001774,0.000723,0.010604,0.021029,-0.039882,0.011191,-0.008279,0.0019
-0.000894,0.003815,0.007163,-0.025119,0.026226,-0.10592,0.004791,-0.006042
-0.001353,-0.003638,-0.004172,0.019584,0.003521,0.027898,-3.9e-05,0.001535
0.004568,0.002896,-0.024753,0.009488,-0.001468,-0.001857,-0.002093,0.001033
-0.003758,0.000341,0.021415,-0.001407,0.002988,-0.005422,-0.00026,-4.4e-05
0.00463,-0.001214,0.001232,0.021847,0.004127,0.023852,-0.000267,0.001816
-0.001556,-0.000343,0.011077,-0.024205,-0.089911,-0.027181,-0.004,-0.003656
-0.001131,-0.00112,0.023244,0.024573,-0.038785,0.005327,-0.003289,-0.001232
0.002225,0.001244,-0.027812,-0.001777,-0.017183,0.00825,0.000719,0.00036
0.005104,-0.002668,0.003902,-0.008546,0.093606,0.011248,0.003438,0.001161
0.001039,-0.001861,-0.009377,0.019215,-0.001759,0.007386,0.003192,0.000508
-0.002767,-0.000887,0.014994,-0.008704,-0.041273,0.005863,-0.005802,-0.000528
0.003361,0.004072,-0.002846,-0.019322,0.091744,0.000389,0.006594,0.000869
0.001121,0.002384,0.014913,0.020555,0.02448,-0.000166,-0.001599,-0.003373
-0.002039,-0.000627,0.003238,0.008254,-0.01077,-0.004694,-0.0015,0.002069
0.000546,0.002484,-0.011068,-0.002001,-0.009212,0.002878,-0.001944,0.002701
-9.2e-05,0.002789,-0.003864,0.013738,-0.043633,-0.002927,-0.003763,-0.001725
0.00163,-0.002449,-0.009905,-0.02019,0.0083,-9.9e-05,0.005743,-0.000348
0.001386,-0.00098,-0.015557,-0.005316,-0.004223,0.00122,0.00115,-0.001891
0.002161,0.001378,0.030378,-0.006502,-0.009192,0.004826,-0.003292,-0.000271
0.000145,-0.003723,-0.014506,0.015254,-0.013914,0.002062,-0.003285,0.00091
-0.00145,-0.000396,-0.013649,0.005895,0.055042,-0.005912,0.00262,-0.00024
0.003183,0.002008,-0.011494,0.001638,0.020457,0.005215,0.001476,0.002686
0.001196,0.000139,0.020672,-0.012326,-0.063982,-0.040119,-0.005649,-0.005928
0.002318,0.001188,0.001574,-0.009406,0.011465,0.003461,-0.002301,-0.000332
-0.002851,0.003159,0.00877,0.009577,0.021709,0.002213,0.002733,-0.003758
0.001933,0.000215,0.000303,0.003445,0.042966,0.015338,0.00276,0.004544
0.002868,0.00143,-0.000435,0.008883,-0.018414,-0.023545,-0.001022,-0.003184
-0.000817,-0.000116,-0.002969,-0.000694,-0.044292,-0.003789,-0.002658,0.000525
0.000497,-0.001188,-0.006606,-0.030927,-0.008539,-0.002988,0.000415,-0.001935
-0.003521,-0.003383,0.014856,-0.02185,-0.045756,0.030787,-0.001149,-0.000274
-0.002708,0.001037,0.019406,0.031889,0.013269,-0.047342,-0.001584,-0.001927
0.00517,-0.001471,-0.002371,-0.021681,-0.023572,-0.002441,-0.002088,0.001161
0.001935,-0.004345,0.021009,-0.004984,-0.021443,0.040605,-0.001591,-0.000612
-0.000623,0.001353,-0.027044,0.01559,-0.069042,-0.020635,-0.002003,-0.000458
0.001601,-0.000522,0.004583,0.007107,-0.009978,0.033608,-0.001862,0.002584
-0.001467,-0.002359,-0.013566,0.001528,-0.005542,0.045832,-0.001027,0.006959
0.003834,0.001768,-0.009787,-0.003479,-0.002636,-0.006952,0.001205,-0.00185
-6e-05,-0.005771,0.031663,0.000859,-0.02667,-0.017399,-0.006089,-0.002391
-0.004104,0.004425,-0.000633,-0.025844,0.113536,-0.014602,0.008924,-0.003377
0.001593,-0.000416,0.000494,0.058011,-0.047851,-0.0181,-0.005563,-0.001637
-0.001341,0.000106,0.000928,-0.010902,0.049489,0.010316,0.000932,0.002698
0.001374,1.9e-05,-0.009833,0.00014,-0.014576,0.000838,0.002897,0.001812
0.001312,-0.00567,0.012402,-0.005653,0.005981,0.002722,0.002169,0.000427
-0.002517,-0.001342,-0.001359,0.006886,-0.017165,-0.001432,-0.004281,0.00115
0.003153,0.003491,-0.010347,0.011759,0.036208,0.005544,0.004904,-0.001416
0.000939,-0.000442,-0.023276,-0.008872,-0.105043,0.002234,-0.006527,0.003506
-0.001388,0.002101,-0.00155,0.000258,0.009613,-0.000407,-0.001861,0.002598
-0.003215,-0.002336,0.014628,0.010008,-0.007664,0.001099,0.00132,-0.004821
0.000573,-0.001915,-0.002406,-0.014997,-0.063878,0.021532,-0.003213,-0.00015
0.001957,0.000304,0.005164,-0.002479,-0.001553,0.001885,0.001721,-0.001046
-0.002544,-0.001182,-0.000679,-0.001774,0.003808,0.00939,-0.000945,0.000852
0.000615,0.000425,-0.001122,-0.00122,-0.004883,0.004752,0.002671,-0.000609
0.002068,-0.000148,-0.000476,0.000641,0.015407,0.004346,0.004998,0.000839
-0.001427,0.002602,-0.001846,0.009062,0.007647,0.011277,0.000915,-0.000847
0.001644,0.000535,-0.009097,0.000888,-0.014995,0.010586,-0.000285,0.004556
0.003412,-0.001002,-0.001952,-0.014362,-0.072106,0.003036,-0.005335,0.001814
-0.001005,-0.003085,0.01038,0.005959,0.133931,-0.022529,0.012381,-0.004968
0.000804,-0.001972,0.010401,0.017194,0.009903,-0.091661,0.001387,-0.004365
0.001077,0.00097,-0.005455,-0.020633,-0.00632,0.061848,0.001893,0.002355
-0.000607,0.002983,0.004029,0.009627,0.053538,-0.042406,-0.00053,-0.002311
0.001561,-0.00342,-0.00735,0.008946,-0.036233,-0.000783,-0.003617,-0.001559
0.002033,-0.001836,-0.016505,-0.002108,0.125938,-0.019648,0.008428,-0.003666
0.002431,0.001501,0.003278,-0.001044,-0.093517,-0.042691,-0.007679,-0.003022
0.000391,0.003314,-0.001842,-0.005993,0.184553,0.1374,0.014565,0.010968
-0.005843,-0.001456,0.008638,0.002194,0.030088,-0.000665,-0.000633,0.004784
-0.005555,0.000951,0.00225,0.003754,-0.073392,-0.050828,-0.003502,-0.007413
0.003325,-0.004627,0.004425,0.004951,-0.008581,-0.023085,0.000786,-0.002489
0.000686,-0.000184,0.00057,0.003727,-0.000992,-0.008299,-5.7e-05,0.001926
0.002919,0.002351,-0.001961,-0.006404,0.001761,-0.023604,0.002821,-2.4e-05
-0.004559,-0.002616,-0.003598,-0.000776,-0.000978,0.052321,0.001607,-0.001507
0.000627,0.003017,-0.005634,0.001242,0.001299,-0.016262,-0.003301,-0.00612
-0.001297,0.001891,0.001271,-4.7e-05,-0.024079,0.013905,-0.004795,0.002339
0.000956,-0.000712,0.007964,-0.002362,0.057152,-0.014298,0.007107,-0.000748
0.000416,-0.004399,-0.003278,0.004749,-0.050441,-0.014929,-0.003806,-0.000417
0.000859,0.000631,0.01034,-0.003544,0.035625,-0.005694,0.001765,0.000882
-0.00032,-0.001869,-0.002618,0.003272,0.015251,-0.001236,-0.004686,-0.002584
0.001904,-0.002602,0.013177,-0.005207,-0.042689,-0.008236,-0.000321,0.00577
-0.000312,0.000654,-0.000788,-0.00246,0.017419,-0.034169,0.006879,-0.008268
0.004034,0.002203,0.000246,-0.004325,-0.016252,0.03425,0.000323,0.001337
-0.001114,0.000668,-0.000402,0.003788,0.036692,-0.003823,0.001215,0.003814
0.001008,0.000339,0.004031,0.005139,0.014289,0.264683,-0.002489,0.022821
-0.002658,0.000731,0.005671,-0.010173,-0.035694,-0.010152,-0.001877,-0.000561
0.001701,0.001481,-0.001941,0.005911,0.05515,0.007113,0.00518,-0.004383
0.00384,0.004813,-0.015633,0.002882,-0.054546,-0.135815,-0.007435,-0.009999
0.003949,0.002496,0.017513,0.00612,0.026753,-0.009716,0.003011,0.000593
-0.001317,0.001061,0.008532,-0.000402,-0.013958,0.013647,0.000371,-0.000662
-0.000885,0.00127,-0.000605,0.002423,8.2e-05,-0.004368,-0.003481,-0.00032
-0.000392,0.003831,0.000789,-0.000779,-0.00642,0.00698,-0.005409,-0.004349
-0.001794,0.005766,0.001468,-0.001822,-0.033231,-0.01224,-0.002505,0.005374
-0.006084,0.001685,-0.000728,-0.00182,0.059873,-0.00216,0.004731,0.000588
0.001947,0.001842,-0.000273,0.001119,-0.058235,0.000586,-0.000811,0.000771
0.00474,0.002769,0.003601,-0.001452,0.066598,0.001963,0.008203,-0.000721
0.003084,-0.000564,-0.001214,0.002615,0.022453,-0.010358,-0.003016,0.001328
0.002071,0.001377,0.001144,-0.000407,-0.180962,-0.037465,-0.013769,-0.003116
-0.001037,-0.001329,-0.0008,0.003699,0.042873,-0.007438,0.003865,0.0033
0.001518,0.001596,-0.002299,-0.002582,-0.144639,0.237192,-0.006505,0.02348
0.003617,0.000139,0.000645,0.002099,-0.066635,-0.135562,-0.001943,-0.013129
-0.000339,0.001372,0.001312,-0.002132,-0.051154,-0.021849,-0.005452,-0.002789
-0.003757,-0.003073,0.002602,0.004274,0.010676,-0.018544,0.003468,-0.002831
0.002785,0.003524,-0.005544,-0.001951,0.038466,-0.00817,0.003876,-0.003584
-0.000424,-0.000188,0.000529,0.001364,-0.003144,-0.007689,-0.002184,0.002456
-0.005404,9.3e-05,0.002797,-0.001534,-0.015178,0.002341,-0.001243,-0.00135
-0.001899,-0.000655,6e-06,-0.001651,-0.015105,-0.006211,0.000352,-0.004598
0.001509,-0.003595,0.002556,0.001765,-0.006866,0.036148,0.000459,0.005138
0.000907,-0.00348,-0.000919,-0.001172,-0.001072,-0.02247,0.000219,-0.0019
-0.001802,0.001995,-0.00279,0.002471,-0.000831,0.081033,-0.000318,0.007958
0.00236,0.004037,-0.000621,-0.005012,0.001267,0.023772,-0.0001,-0.000243
-0.000398,-0.00342,-0.002768,0.000565,-0.001697,0.008888,-0.003671,0.000807
0.001787,-0.002445,0.00108,0.003194,-0.029605,-0.039018,-0.001116,-0.007007
0.000216,-0.000822,0.005836,0.001641,-0.004477,0.047001,0.001749,0.004294
-0.005541,0.002553,-0.005072,-0.001326,-0.026919,0.003899,-0.001026,0.001568
0.004907,0.003602,0.000711,0.000688,0.057317,0.002493,0.008057,-0.001122
-0.000348,0.000537,0.002805,-0.003208,0.007071,0.022838,-0.002977,0.005863
0.003684,0.001266,0.001623,-0.000913,0.026959,0.004082,-0.000379,-0.001267
0.004002,-0.003298,0.003563,0.000478,-0.061263,-0.026232,-0.003748,-0.004849
0.00199,-0.000713,0.005879,-0.003642,0.009477,-0.026052,0.000853,-0.003753
-0.004966,0.000375,-0.000104,-0.000829,0.009825,0.03203,0.004263,0.002246
-0.000959,0.001425,-0.004748,-0.000487,0.065509,0.152294,0.00534,0.012891
0.003399,0.002007,-0.002453,-0.002811,-0.026273,0.027364,-0.002811,-5.6e-05
0.001254,-0.001579,-0.003388,0.001409,-0.015425,-0.005048,-0.00181,-0.003847
0.000126,-0.002524,0.002753,-0.00045,-0.003695,-0.041203,-0.002151,-0.002642
0.002361,-0.001289,0.00121,-0.000756,-0.003221,-0.005153,0.004267,-0.002026
-0.000652,-5.9e-05,-0.001207,-0.00657,-0.018273,0.007635,-0.004203,0.00198
-0.002809,-0.00105,-0.002329,-0.002527,0.065542,-0.008615,0.00519,0.000271
0.000595,0.003218,0.002142,0.005451,-0.016451,-0.00359,-0.005224,-0.000269
0.000197,0.002624,0.004715,-0.00121,-0.030835,0.024831,0.000971,0.005383
0.000489,-0.000859,0.002358,0.002413,-0.004368,-0.032366,-0.000166,-0.003507
-0.002548,0.001975,-0.000291,0.003448,0.002616,-0.105875,-0.001345,-0.006318
0.000418,-0.003636,-0.00187,0.00111,0.006898,0.282781,-0.000199,0.018929
-0.002782,0.000276,3.5e-05,0.000415,-0.006801,0.011527,0.000857,0.00654
-0.001095,0.002203,-0.000257,0.002311,0.008488,-0.009213,-0.000517,-0.000206
0.003167,0.000476,-0.004528,0.000365,0.030667,0.018313,0.001522,-0.000449
0.002625,-0.001256,-0.000673,-0.003473,-0.013719,-0.123646,-0.005961,-0.008762
-0.006499,0.003553,-0.001129,0.002984,-0.091882,-0.014071,-0.006,-0.000238
-0.003407,0.004937,0.001158,-0.002097,0.074863,0.022108,0.005287,-0.001616
0.000387,0.000313,-0.00487,0.001036,0.008867,-0.045463,0.002986,-0.007521
0.001944,0.001623,-0.00034,-0.003449,-0.018993,0.025394,-0.000564,0.002242
0.004204,-0.002258,0.002919,0.005914,-0.013539,-0.009488,0.001661,-0.005104
0.002161,-0.001274,-0.002946,-0.002141,-0.000758,0.001515,-0.001084,-0.000443
-0.004309,-0.000501,0.000572,0.001069,0.114801,-0.003636,0.007421,0.000957
0.000178,-0.000434,0.00023,-0.004612,0.023364,-0.020993,-0.001069,-0.002629
0.002237,0.000427,-0.004856,0.00128,0.037519,0.009177,-0.000398,-0.000402
0.000833,-0.003121,0.002186,0.002918,0.040277,-0.049983,0.002252,-0.004817
0.00439,0.005035,-0.002118,0.003468,-0.002896,0.197123,-0.001033,0.015324
0.006287,-0.000837,-0.001089,0.001719,-0.011355,0.03183,-0.004116,0.001937
-0.00463,0.006558,-0.001349,-0.000145,-0.002422,-0.022994,0.001757,0.00255
-0.004531,-0.003626,0.001443,-0.001248,-0.002402,-0.017878,0.001243,-0.005843
-0.00886,0.004918,7.1e-05,-0.007039,0.000395,-0.000193,-0.000777,-0.003776
0.004544,-0.004132,-0.004736,-1.6e-05,-0.027767,-0.026198,-0.002845,-0.00278
0.002127,-0.005188,-0.002625,0.000272,0.13501,-0.050397,0.01239,-0.005046
0.001626,-0.000519,0.000771,-0.000496,0.165505,-0.0314,0.012009,-0.001367
-0.000929,0.003372,0.001935,0.00474,-0.020522,0.283597,-0.004015,0.023451
0.003663,0.002087,-0.003086,-0.00307,0.000922,-0.035399,-0.005376,-0.003533
-0.000438,0.002386,0.00474,-0.006774,-0.069611,-0.02787,-0.003601,-0.003772
-0.000232,0.004513,0.003235,0.000733,0.001821,-0.011569,0.000843,0.002676
-0.00633,0.000277,-0.001079,-0.002253,-4.2e-05,-0.007288,-0.001663,-0.001287
0.00128,-0.002171,0.00245,0.00101,0.005765,0.001493,-0.001743,-0.000529
0.000133,-0.001161,-0.001943,0.001505,-0.004699,0.007006,-0.001132,-0.004419
-0.000485,-0.004446,-0.003363,0.002173,0.0074,0.006955,0.005619,0.000496
-1.3e-05,-0.00119,0.000717,0.004301,0.002193,0.005533,7.6e-05,-0.001167
-0.001531,0.002013,0.003802,0.000196,0.001894,5.2e-05,-0.001471,0.001241
-0.004779,0.005805,-0.002939,-0.002379,-0.00405,0.002597,-0.001509,0.002897
0.007035,0.003224,0.000294,-0.001419,-0.055137,-0.027423,-0.002432,0.00475
-0.000894,-0.003811,0.001223,-0.001916,-0.044039,0.003805,-0.007414,0.003263
-0.009039,-0.002028,-0.003009,-1.9e-05,0.031217,-0.003116,0.002665,-0.00418
-0.002341,0.001392,0.001671,0.003513,0.007053,-0.056679,0.002516,-0.006141
-0.003938,0.004046,-0.001003,0.001467,-0.12439,0.002207,-0.007668,7.4e-05
0.006342,0.000109,0.004244,-0.002586,-0.008091,-0.013391,-0.001748,0.00037
-0.000846,0.000957,0.000966,-0.005613,0.029562,-0.018562,0.001273,-0.000943
0.003469,0.000501,0.002044,0.00108,0.033058,-0.001889,0.004531,-0.004068
-0.002375,0.000961,-0.006996,0.000416,-0.005907,-0.00118,-0.003973,0.000652
0.001837,0.002573,-0.003442,0.000389,-0.005804,0.00496,-0.001285,-0.001442
0.001253,0.007137,0.000359,-0.005673,-0.004606,-0.00166,-0.001517,0.00253
0.000467,3e-06,0.003289,-0.000183,0.007432,-0.004426,0.001788,0.001834
-0.000116,-0.004225,-0.00101,0.001448,-0.021822,0.002573,-0.00149,1e-06
-0.008492,-0.000483,-0.002411,0.002312,0.050542,0.003595,0.004919,0.001426
0.001121,0.001682,-0.001344,-0.001705,0.000418,-0.002061,-0.000823,-0.003395
0.002201,0.000996,-0.002695,0.00236,-0.011632,-0.089739,0.003029,-0.005242
-0.001732,-0.00752,-0.003074,-0.003569,-0.002,0.108443,0.003313,0.005455
0.001888,-0.001135,-0.000401,0.001313,-0.002177,0.063266,0.002795,0.007127
0.002804,-0.000268,0.000186,-0.000122,0.000635,-0.011528,0.001519,-0.004516
-0.010367,-0.001213,0.001068,-0.002741,-0.006978,-0.00025,-0.001601,0.000607
-0.000698,-0.001572,0.002564,0.002181,0.006684,-0.012433,-0.001521,-0.002189
-0.001101,-0.003088,0.000508,0.003596,0.027781,-0.008265,-0.001811,-0.000373
0.000693,0.003533,-0.002143,-0.00058,0.023656,-0.003037,-0.000807,-0.001988
0.008267,-0.000378,-0.000589,-0.001341,-0.151756,-0.049104,-0.009405,-0.005247
0.008681,-0.001725,-0.002856,0.00119,0.055453,0.195263,0.008215,0.017466
-0.014924,-0.001879,-0.000637,1.7e-05,-0.004073,-0.003949,0.000354,0.000577
-0.011856,-0.008228,-0.001856,0.002696,-0.016719,-0.006866,-0.004491,8.8e-05
0.000938,0.002474,-1.8e-05,-0.000889,-0.012907,-0.008169,0.000355,0.000419
-0.0011,0.000829,0.00234,-0.001505,-0.009186,-0.011698,-0.00031,-0.004509
0.006011,0.001664,-0.000405,0.00243,0.000837,-0.004141,-0.001799,-0.002929
0.004168,0.001372,0.002086,-0.002203,0.01886,0.000914,0.007745,0.001333
0.005024,-0.008315,-0.005568,-0.002854,-0.012069,0.008531,-0.002679,0.00398
0.002708,0.003006,0.002289,0.000727,-0.028377,-0.068514,0.002452,-0.005999
0.000526,-0.000863,0.003261,0.000914,0.006498,-0.0422,-0.003808,-0.004862
-0.002855,-0.002538,-0.00183,-0.000117,-0.072349,0.004223,-0.005619,0.004664
-0.00286,-1.2e-05,-0.003403,-0.003667,-0.092318,-0.004334,-0.001441,-0.001859
0.00469,0.002842,0.00343,-0.001108,0.044571,-0.00076,0.007497,-0.000901
0.002654,0.002473,0.000915,0.002415,-0.010142,-0.003952,0.000979,-0.002061
0.007142,-0.001287,0.004974,0.001635,0.021659,0.001529,0.000659,-0.001962
-0.011496,-0.002168,0.000649,-0.004878,-0.003509,0.00739,-0.002803,0.002565
-0.009013,0.006347,-0.002204,8.4e-05,-0.019598,-0.001896,-0.001128,0.001356
0.003551,-0.003582,0.001041,-0.001127,-0.015662,-0.038786,-0.001045,-0.003266
0.009157,-0.005707,0.002845,-0.002694,-0.002484,-0.024983,-0.000547,-0.003261
0.004372,-0.008309,-0.000843,0.003492,-0.000656,-0.076318,-0.001025,-0.005978
-0.001679,0.005003,-0.004558,0.005445,-0.002767,0.035557,0.002729,0.003687
0.009848,-0.014237,0.000574,-0.001312,0.002281,0.036637,-0.000552,0.005311
-0.00545,-0.003137,-0.003817,0.003028,0.001123,-0.038146,-0.001341,-0.000616
-0.013371,0.002333,-0.000987,0.005057,-0.006449,-0.110807,-0.003514,-0.015114
-0.030579,0.025454,-0.002258,0.002442,-0.04536,-0.051215,-0.005963,-0.004883
0.0007,0.002541,0.002332,-0.005228,0.026336,-0.06474,0.005704,-0.004499
0.005151,-0.064214,0.000866,-0.000205,0.008517,0.023679,0.004053,0.003614
0.006256,-0.003455,-0.006419,-0.000374,-0.002215,0.00102,-0.001897,0.002374
0.001678,0.019078,-0.002701,0.000401,0.030553,-0.007351,0.007424,0.000568
0.027338,0.026101,0.003582,-0.002144,0.213001,-0.011314,0.010205,0.005012
0.012353,-0.010555,-0.002503,0.004278,0.026448,-0.002329,0.006401,-0.000805
-0.037066,-0.010768,-0.000975,0.003719,-0.066898,0.004564,-0.003702,0.002344
-0.011078,-0.019894,-0.002057,-0.000607,-0.003923,0.007339,-0.001484,0.001125
-0.019888,-0.000491,-0.000513,-0.000236,-0.04037,0.012272,-0.003151,-0.000117
0.009979,0.009463,0.002632,0.002722,-0.108417,-0.13231,-0.00802,-0.010509
0.003454,0.001756,0.001136,-0.001614,0.009562,0.020679,0.002405,0.005528
-0.007814,-0.004754,0.004924,-0.000329,0.001009,0.003943,-0.000743,-0.001137
0.021539,0.007787,-0.000767,-0.007094,0.054272,-0.00634,0.005783,-0.005158
0.009495,-0.005356,-0.00351,-0.005046,0.100271,-0.034247,0.009695,-0.005772
-0.004915,-0.012459,-0.002603,0.001944,-0.289555,0.010359,-0.016104,0.003812
-0.02358,-0.008582,-0.001198,0.00256,0.127862,0.11719,0.011578,0.01114
-0.016079,0.065702,0.001726,-0.002251,-0.000206,-0.119614,-0.001475,-0.006851
0.011273,0.057275,-0.001268,-0.002954,-0.013897,-0.02249,0.000303,0.002325
0.026635,-0.146273,-0.003099,0.001502,-0.013835,-0.028898,-0.003312,0.001039
0.080107,-0.052767,0.005395,0.009897,-0.009526,-0.105684,-0.000882,-0.009413
-0.0467,0.044783,-0.000483,-0.004016,-0.010705,0.041639,-0.002107,0.000917
0.030502,0.00777,0.003795,-0.000956,-0.0347,0.010788,-0.000539,-0.000664
-0.132663,-0.022737,0.001614,-0.005642,-0.021602,-0.01919,-0.000176,-0.002892
0.017384,-0.00964,-0.005319,0.004307,-0.017346,0.034048,0.00187,0.006459
-0.013939,0.003058,0.004902,-0.00171,-0.007297,-0.055835,-0.00296,-0.003806
0.008632,0.003298,1.2e-05,0.001883,0.041896,0.076473,0.000813,0.006162
0.066696,0.001816,-0.002623,0.003394,0.001224,-0.000867,-0.002478,0.001566
0.037857,-0.002444,0.001235,0.000571,-0.002063,-0.000284,0.002454,-0.00318
-0.053973,0.011472,-0.000479,0.005935,-0.058725,-0.088755,-0.004216,-0.006069
0.022594,0.044711,-0.002133,-0.004294,0.076497,0.146892,0.005318,0.013046
0.016259,0.041272,-0.000824,-0.005156,0.039394,0.052048,0.004733,0.004839
-0.043378,0.050253,0.003688,-0.009291,-0.044956,-0.00541,-0.003821,-0.002535
0.012249,-0.056583,-0.005516,0.002161,0.03311,-0.011289,0.003177,-0.001538
0.010364,-0.01744,-0.001369,0.007888,-0.150851,-0.01101,-0.012233,-0.000593
-0.005136,0.013788,-0.002229,0.005733,0.01313,-0.05404,0.003238,-0.007084
0.007955,0.031599,0.00082,-0.001219,0.064308,0.205901,0.004799,0.016788
0.009731,0.092871,0.000817,-0.003535,-0.065791,0.002717,-0.008852,0.00536
0.024995,-0.050718,0.00019,0.001841,-0.028844,-0.049926,-0.00495,-0.00177
0.056612,-0.029777,0.002075,0.001527,-0.01171,0.033647,0.001696,0.002813
-0.147183,-0.018815,0.001519,0.002256,-0.094157,-0.126757,-0.006647,-0.007603
-0.016756,0.001678,-0.000599,-0.002262,0.069069,0.336733,0.007389,0.027383
0.000342,0.03246,0.000743,-0.001402,0.122091,-0.003939,0.007317,-0.006017
0.004639,-0.012975,-0.004406,-6.5e-05,-0.011998,0.101115,-0.002186,0.003437
0.010457,0.026727,-0.000734,0.005308,-0.023043,-0.00737,-0.000931,-0.000273
0.021406,-0.014912,-0.001469,0.000161,-0.02223,-0.050776,-0.003409,0.00313
0.021194,0.03732,-0.003851,0.002037,0.022462,0.003579,-0.005085,-0.001218
0.00627,0.042182,0.000468,-0.008807,0.078844,-0.002546,0.009703,-0.000496
-0.047392,0.0021,0.006148,-0.003173,-0.026114,-0.023511,-0.004915,-0.005437
-0.027826,0.057452,0.004169,-0.004043,-0.017014,0.001061,0.000508,0.001876
0.006855,-0.087671,-0.000195,-0.002436,0.06041,0.013689,0.008715,0.001572
0.03712,0.009249,-0.003801,0.001121,-0.011283,-0.042347,-0.004335,-0.005482
-0.012224,0.002715,0.00284,0.005405,0.067909,0.249141,0.006697,0.01924
0.134362,0.040248,-0.003569,-0.001471,0.023784,-0.023741,0.000312,-0.006177
-0.076425,0.100117,0.000458,-0.007304,0.038813,-0.044725,0.004227,0.002498
-0.053362,-0.083856,-0.001254,0.005568,-0.036368,0.060298,-0.00144,0.006368
-0.077522,0.003995,-0.003121,-0.010599,-0.067162,0.010073,-0.004908,-0.004459
0.052978,-0.040124,0.002314,0.011914,0.033904,-0.022661,-0.001533,-0.001355
-0.110805,-0.02349,0.000754,0.000621,0.005122,-0.06161,0.000518,-0.004365
0.003746,-0.000377,0.001383,-0.000624,-0.037021,-0.00184,-0.000596,0.003258
0.088256,0.030746,0.000838,-0.000895,0.041181,-0.02641,0.002463,-0.00444
0.069793,0.038174,-0.003534,-0.001349,-0.0856,0.070126,-0.006573,0.005079
-0.093803,0.139537,-0.003605,-0.011337,-0.042955,-0.084112,-0.004722,-0.009621
0.024115,-0.018593,0.005738,0.006411,0.208165,-0.00577,0.020522,-0.005106
0.013503,-0.021393,0.001121,-0.00176,0.018221,0.014726,-0.00359,0.006907
0.051888,0.0084,-0.004125,-0.001687,-0.014582,0.035572,-0.002954,0.001301
0.019482,0.072433,0.001138,0.001655,-0.000241,-0.150158,-0.003993,-0.013833
0.032686,-0.026494,0.006428,-0.008588,-0.021481,0.040108,0.000588,0.007731
-0.000635,0.060091,0.002214,0.004078,-0.010715,0.075928,0.00271,0.005443
-0.122212,0.00651,-0.005153,6.4e-05,-0.008404,-0.02966,-0.001417,0.000792
0.000567,0.036231,-0.006118,0.005221,-0.006312,-0.013553,-0.002371,-0.006565
-0.016306,-0.19068,0.00136,-0.007766,0.005725,-0.030698,-0.002142,-0.002741
0.019211,0.034656,-0.000967,0.005136,0.005574,-0.034366,0.00181,-0.004904
0.072001,0.096982,0.001681,-0.005152,-0.000964,0.062967,-0.001205,0.008099
-0.012362,-0.016834,0.002317,-0.005348,-0.0463,0.023799,-0.002292,-0.000424
0.011089,0.022428,0.005081,0.006085,-0.057231,0.022809,-0.004676,0.000608
-0.001931,-0.010002,0.006126,0.002088,0.028681,0.029769,0.000707,0.002744
0.002132,0.073718,-0.001378,-0.008505,0.015146,-0.061325,0.002891,-0.002472
-0.016586,-0.033847,-0.001447,0.002979,-0.042956,0.220059,-0.002716,0.017707
0.006157,0.041407,0.000444,-0.000172,0.036556,0.013481,-0.00285,-0.005243
0.002339,-0.017245,-0.001767,-0.001443,0.020103,-0.009694,0.009039,-0.002187
0.024538,0.053372,-0.010041,0.000671,-0.087899,-0.054408,-0.011203,-0.004155
0.054356,-0.011233,-0.004741,0.006306,0.00371,0.030827,-0.003849,0.004821
-0.071209,0.137854,0.006216,0.003835,-0.004743,0.00102,0.000708,-0.00253
0.017878,-0.144524,0.012499,0.004012,0.005799,-0.009183,-0.004329,-0.000736
0.033793,-0.105788,0.008524,-0.002246,0.006653,-0.011118,0.004132,-0.003012
-0.085488,0.054054,-0.00222,-0.002991,0.008317,-0.053213,-0.003368,-0.004251
-0.002206,0.013465,-0.008057,9.8e-05,-0.044585,-0.078619,-0.000882,-0.005064
0.030747,0.122752,-0.005032,-0.008891,0.063727,0.059221,-6.8e-05,0.005412
0.023939,-0.007998,0.005598,0.005354,0.159734,-0.176081,0.011064,-0.010681
0.057374,-0.011529,-0.001409,-0.000412,0.001329,0.326802,0.001959,0.031813
0.092315,-0.013994,-0.003493,-0.005374,-0.006205,0.019189,-0.003455,-0.001643
-0.10185,0.024983,-0.008778,-0.002674,-0.009806,-0.02437,0.000848,0.004237
-0.032341,0.03105,0.010954,0.001493,-0.017583,-0.050984,-0.007853,-0.005115